ts,day,hour,sampled_at,window_start,window_end,getoond,bekeken,bewaard,ctr,save_rate,source
2026-08-11T09:00:00+02:00,2026-08-11,09:00,2026-08-11T08:50:00+02:00,,2026-08-11T08:50:00+02:00,500,100,3,0.2,0.03,vault-note
2026-08-11T10:00:00+02:00,2026-08-11,10:00,2026-08-11T09:50:00+02:00,2026-08-11T08:50:00+02:00,2026-08-11T09:50:00+02:00,1054,196,7,0.185958,0.035714,vault-note
2026-08-11T11:00:00+02:00,2026-08-11,11:00,2026-08-11T10:50:00+02:00,2026-08-11T09:50:00+02:00,2026-08-11T10:50:00+02:00,1548,281,9,0.181525,0.032028,vault-note
2026-08-11T12:00:00+02:00,2026-08-11,12:00,2026-08-11T11:50:00+02:00,2026-08-11T10:50:00+02:00,2026-08-11T11:50:00+02:00,1980,351,9,0.177273,0.025641,vault-note
2026-08-11T13:00:00+02:00,2026-08-11,13:00,2026-08-11T12:50:00+02:00,2026-08-11T11:50:00+02:00,2026-08-11T12:50:00+02:00,2297,390,11,0.169787,0.028205,vault-note
2026-08-11T14:00:00+02:00,2026-08-11,14:00,2026-08-11T13:50:00+02:00,2026-08-11T12:50:00+02:00,2026-08-11T13:50:00+02:00,2630,431,14,0.163878,0.032483,vault-note
2026-08-11T15:00:00+02:00,2026-08-11,15:00,2026-08-11T14:50:00+02:00,2026-08-11T13:50:00+02:00,2026-08-11T14:50:00+02:00,2918,473,15,0.162097,0.031712,vault-note
2026-08-11T16:00:00+02:00,2026-08-11,16:00,2026-08-11T15:50:00+02:00,2026-08-11T14:50:00+02:00,2026-08-11T15:50:00+02:00,3163,506,16,0.159975,0.031621,vault-note
2026-08-11T17:00:00+02:00,2026-08-11,17:00,2026-08-11T16:50:00+02:00,2026-08-11T15:50:00+02:00,2026-08-11T16:50:00+02:00,3393,531,16,0.156499,0.030132,vault-note
2026-08-11T18:00:00+02:00,2026-08-11,18:00,2026-08-11T17:50:00+02:00,2026-08-11T16:50:00+02:00,2026-08-11T17:50:00+02:00,3648,556,16,0.152412,0.028777,vault-note
2026-08-11T19:00:00+02:00,2026-08-11,19:00,2026-08-11T18:50:00+02:00,2026-08-11T17:50:00+02:00,2026-08-11T18:50:00+02:00,3894,589,18,0.151258,0.03056,vault-note
2026-08-11T20:00:00+02:00,2026-08-11,20:00,2026-08-11T19:50:00+02:00,2026-08-11T18:50:00+02:00,2026-08-11T19:50:00+02:00,4111,622,18,0.151301,0.028939,vault-note
2026-08-11T21:00:00+02:00,2026-08-11,21:00,2026-08-11T20:50:00+02:00,2026-08-11T19:50:00+02:00,2026-08-11T20:50:00+02:00,4348,652,18,0.149954,0.027607,vault-note
2026-08-11T22:00:00+02:00,2026-08-11,22:00,2026-08-11T21:50:00+02:00,2026-08-11T20:50:00+02:00,2026-08-11T21:50:00+02:00,4628,681,19,0.147148,0.0279,vault-note
2026-08-11T23:00:00+02:00,2026-08-11,23:00,2026-08-11T22:50:00+02:00,2026-08-11T21:50:00+02:00,2026-08-11T22:50:00+02:00,4861,717,19,0.147501,0.026499,vault-note
2026-08-12T00:00:00+02:00,2026-08-12,00:00,2026-08-11T23:50:03+02:00,2026-08-11T22:50:00+02:00,2026-08-11T23:50:03+02:00,4861,717,19,0.147501,0.026499,auto headless Playwright
2026-08-12T01:00:00+02:00,2026-08-12,01:00,2026-08-12T00:50:04+02:00,2026-08-11T23:50:03+02:00,2026-08-12T00:50:04+02:00,4861,717,19,0.147501,0.026499,auto headless Playwright
2026-08-12T02:00:00+02:00,2026-08-12,02:00,2026-08-12T01:50:03+02:00,2026-08-12T00:50:04+02:00,2026-08-12T01:50:03+02:00,4861,717,19,0.147501,0.026499,auto headless Playwright
2026-08-12T03:00:00+02:00,2026-08-12,03:00,2026-08-12T02:50:05+02:00,2026-08-12T01:50:03+02:00,2026-08-12T02:50:05+02:00,4861,717,19,0.147501,0.026499,auto headless Playwright
2026-08-12T04:00:00+02:00,2026-08-12,04:00,2026-08-12T03:50:01+02:00,2026-08-12T02:50:05+02:00,2026-08-12T03:50:01+02:00,4861,717,19,0.147501,0.026499,auto headless Playwright
2026-08-12T05:00:00+02:00,2026-08-12,05:00,2026-08-12T04:50:04+02:00,2026-08-12T03:50:01+02:00,2026-08-12T04:50:04+02:00,4861,717,19,0.147501,0.026499,auto headless Playwright
2026-08-12T06:00:00+02:00,2026-08-12,06:00,2026-08-12T05:50:05+02:00,2026-08-12T04:50:04+02:00,2026-08-12T05:50:05+02:00,5694,825,21,0.144889,0.025455,auto headless Playwright
2026-08-12T07:00:00+02:00,2026-08-12,07:00,2026-08-12T06:50:03+02:00,2026-08-12T05:50:05+02:00,2026-08-12T06:50:03+02:00,5636,819,20,0.145316,0.02442,auto headless Playwright
2026-08-12T08:00:00+02:00,2026-08-12,08:00,2026-08-12T07:50:05+02:00,2026-08-12T06:50:03+02:00,2026-08-12T07:50:05+02:00,5660,822,20,0.14523,0.024331,auto headless Playwright
2026-08-12T09:00:00+02:00,2026-08-12,09:00,2026-08-12T08:50:03+02:00,2026-08-12T07:50:05+02:00,2026-08-12T08:50:03+02:00,5725,830,20,0.144978,0.024096,auto headless Playwright
2026-08-12T10:00:00+02:00,2026-08-12,10:00,2026-08-12T09:50:00+02:00,2026-08-12T08:50:03+02:00,2026-08-12T09:50:00+02:00,5787,835,20,0.144289,0.023952,auto headless Playwright
2026-08-12T11:00:00+02:00,2026-08-12,11:00,2026-08-12T10:50:04+02:00,2026-08-12T09:50:00+02:00,2026-08-12T10:50:04+02:00,5921,853,20,0.144064,0.023447,auto headless Playwright
2026-08-12T12:00:00+02:00,2026-08-12,12:00,2026-08-12T11:50:05+02:00,2026-08-12T10:50:04+02:00,2026-08-12T11:50:05+02:00,6063,869,20,0.143328,0.023015,auto headless Playwright
2026-08-12T13:00:00+02:00,2026-08-12,13:00,2026-08-12T12:50:05+02:00,2026-08-12T11:50:05+02:00,2026-08-12T12:50:05+02:00,6145,876,21,0.142555,0.023973,auto headless Playwright
2026-08-12T14:00:00+02:00,2026-08-12,14:00,2026-08-12T13:50:02+02:00,2026-08-12T12:50:05+02:00,2026-08-12T13:50:02+02:00,6246,888,21,0.142171,0.023649,auto headless Playwright
2026-08-12T15:00:00+02:00,2026-08-12,15:00,2026-08-12T14:50:03+02:00,2026-08-12T13:50:02+02:00,2026-08-12T14:50:03+02:00,6339,901,21,0.142136,0.023307,auto headless Playwright
2026-08-12T16:00:00+02:00,2026-08-12,16:00,2026-08-12T15:50:04+02:00,2026-08-12T14:50:03+02:00,2026-08-12T15:50:04+02:00,6430,914,21,0.142146,0.022976,auto headless Playwright
2026-08-12T17:00:00+02:00,2026-08-12,17:00,2026-08-12T16:50:05+02:00,2026-08-12T15:50:04+02:00,2026-08-12T16:50:05+02:00,6528,922,21,0.141238,0.022777,auto headless Playwright
2026-08-12T18:00:00+02:00,2026-08-12,18:00,2026-08-12T17:50:05+02:00,2026-08-12T16:50:05+02:00,2026-08-12T17:50:05+02:00,6624,939,21,0.141757,0.022364,auto headless Playwright
2026-08-12T19:00:00+02:00,2026-08-12,19:00,2026-08-12T18:50:01+02:00,2026-08-12T17:50:05+02:00,2026-08-12T18:50:01+02:00,6705,954,21,0.142282,0.022013,auto headless Playwright
2026-08-12T20:00:00+02:00,2026-08-12,20:00,2026-08-12T19:50:03+02:00,2026-08-12T18:50:01+02:00,2026-08-12T19:50:03+02:00,6783,963,21,0.141973,0.021807,auto headless Playwright
2026-08-12T21:00:00+02:00,2026-08-12,21:00,2026-08-12T20:50:04+02:00,2026-08-12T19:50:03+02:00,2026-08-12T20:50:04+02:00,6863,976,21,0.142212,0.021516,auto headless Playwright
2026-08-12T22:00:00+02:00,2026-08-12,22:00,2026-08-12T21:50:04+02:00,2026-08-12T20:50:04+02:00,2026-08-12T21:50:04+02:00,6934,988,21,0.142486,0.021255,auto headless Playwright
2026-08-12T23:00:00+02:00,2026-08-12,23:00,2026-08-12T22:50:04+02:00,2026-08-12T21:50:04+02:00,2026-08-12T22:50:04+02:00,7024,1001,21,0.142511,0.020979,auto headless Playwright
2026-08-13T00:00:00+02:00,2026-08-13,00:00,2026-08-12T23:50:05+02:00,2026-08-12T22:50:04+02:00,2026-08-12T23:50:05+02:00,7024,1001,21,0.142511,0.020979,auto headless Playwright
2026-08-13T01:00:00+02:00,2026-08-13,01:00,2026-08-13T00:50:04+02:00,2026-08-12T23:50:05+02:00,2026-08-13T00:50:04+02:00,7024,1001,21,0.142511,0.020979,auto headless Playwright
2026-08-13T02:00:00+02:00,2026-08-13,02:00,2026-08-13T01:50:03+02:00,2026-08-13T00:50:04+02:00,2026-08-13T01:50:03+02:00,7024,1001,21,0.142511,0.020979,auto headless Playwright
2026-08-13T03:00:00+02:00,2026-08-13,03:00,2026-08-13T02:50:04+02:00,2026-08-13T01:50:03+02:00,2026-08-13T02:50:04+02:00,7024,1001,21,0.142511,0.020979,auto headless Playwright
2026-08-13T04:00:00+02:00,2026-08-13,04:00,2026-08-13T03:50:03+02:00,2026-08-13T02:50:04+02:00,2026-08-13T03:50:03+02:00,7024,1001,21,0.142511,0.020979,auto headless Playwright
2026-08-13T05:00:00+02:00,2026-08-13,05:00,2026-08-13T04:50:03+02:00,2026-08-13T03:50:03+02:00,2026-08-13T04:50:03+02:00,7024,1001,21,0.142511,0.020979,auto headless Playwright
2026-08-13T06:00:00+02:00,2026-08-13,06:00,2026-08-13T05:50:04+02:00,2026-08-13T04:50:03+02:00,2026-08-13T05:50:04+02:00,7414,1046,22,0.141084,0.021033,auto headless Playwright
2026-08-13T07:00:00+02:00,2026-08-13,07:00,2026-08-13T06:50:03+02:00,2026-08-13T05:50:04+02:00,2026-08-13T06:50:03+02:00,7386,1045,22,0.141484,0.021053,auto headless Playwright
2026-08-13T08:00:00+02:00,2026-08-13,08:00,2026-08-13T07:50:04+02:00,2026-08-13T06:50:03+02:00,2026-08-13T07:50:04+02:00,7406,1047,22,0.141372,0.021012,auto headless Playwright
2026-08-13T09:00:00+02:00,2026-08-13,09:00,2026-08-13T08:50:01+02:00,2026-08-13T07:50:04+02:00,2026-08-13T08:50:01+02:00,7457,1052,22,0.141075,0.020913,auto headless Playwright
2026-08-13T10:00:00+02:00,2026-08-13,10:00,2026-08-13T09:50:04+02:00,2026-08-13T08:50:01+02:00,2026-08-13T09:50:04+02:00,7536,1058,22,0.140393,0.020794,auto headless Playwright
2026-08-13T11:00:00+02:00,2026-08-13,11:00,2026-08-13T10:50:04+02:00,2026-08-13T09:50:04+02:00,2026-08-13T10:50:04+02:00,7652,1067,23,0.139441,0.021556,auto headless Playwright
2026-08-13T12:00:00+02:00,2026-08-13,12:00,2026-08-13T11:50:03+02:00,2026-08-13T10:50:04+02:00,2026-08-13T11:50:03+02:00,7709,1074,23,0.139318,0.021415,auto headless Playwright
2026-08-13T13:00:00+02:00,2026-08-13,13:00,2026-08-13T12:50:00+02:00,2026-08-13T11:50:03+02:00,2026-08-13T12:50:00+02:00,7791,1085,23,0.139263,0.021198,auto headless Playwright
2026-08-13T14:00:00+02:00,2026-08-13,14:00,2026-08-13T13:50:05+02:00,2026-08-13T12:50:00+02:00,2026-08-13T13:50:05+02:00,7868,1092,23,0.13879,0.021062,auto headless Playwright
2026-08-13T15:00:00+02:00,2026-08-13,15:00,2026-08-13T14:50:03+02:00,2026-08-13T13:50:05+02:00,2026-08-13T14:50:03+02:00,7922,1095,23,0.138223,0.021005,auto headless Playwright
2026-08-13T16:00:00+02:00,2026-08-13,16:00,2026-08-13T15:50:05+02:00,2026-08-13T14:50:03+02:00,2026-08-13T15:50:05+02:00,8002,1103,23,0.137841,0.020852,auto headless Playwright
2026-08-13T17:00:00+02:00,2026-08-13,17:00,2026-08-13T16:50:04+02:00,2026-08-13T15:50:05+02:00,2026-08-13T16:50:04+02:00,8079,1109,23,0.137269,0.020739,auto headless Playwright
2026-08-13T18:00:00+02:00,2026-08-13,18:00,2026-08-13T17:50:01+02:00,2026-08-13T16:50:04+02:00,2026-08-13T17:50:01+02:00,8175,1117,23,0.136636,0.020591,auto headless Playwright
2026-08-13T19:00:00+02:00,2026-08-13,19:00,2026-08-13T18:50:01+02:00,2026-08-13T17:50:01+02:00,2026-08-13T18:50:01+02:00,8272,1132,23,0.136847,0.020318,auto headless Playwright
2026-08-13T20:00:00+02:00,2026-08-13,20:00,2026-08-13T19:50:04+02:00,2026-08-13T18:50:01+02:00,2026-08-13T19:50:04+02:00,8318,1137,23,0.136692,0.020229,auto headless Playwright
2026-08-13T21:00:00+02:00,2026-08-13,21:00,2026-08-13T20:50:01+02:00,2026-08-13T19:50:04+02:00,2026-08-13T20:50:01+02:00,8414,1151,23,0.136796,0.019983,auto headless Playwright
2026-08-13T22:00:00+02:00,2026-08-13,22:00,2026-08-13T21:50:02+02:00,2026-08-13T20:50:01+02:00,2026-08-13T21:50:02+02:00,8483,1161,23,0.136862,0.019811,auto headless Playwright
2026-08-13T23:00:00+02:00,2026-08-13,23:00,2026-08-13T22:50:05+02:00,2026-08-13T21:50:02+02:00,2026-08-13T22:50:05+02:00,8568,1171,24,0.136671,0.020495,auto headless Playwright
2026-08-14T00:00:00+02:00,2026-08-14,00:00,2026-08-13T23:50:05+02:00,2026-08-13T22:50:05+02:00,2026-08-13T23:50:05+02:00,8568,1171,24,0.136671,0.020495,auto headless Playwright
2026-08-14T01:00:00+02:00,2026-08-14,01:00,2026-08-14T00:50:05+02:00,2026-08-13T23:50:05+02:00,2026-08-14T00:50:05+02:00,8568,1171,24,0.136671,0.020495,auto headless Playwright
2026-08-14T02:00:00+02:00,2026-08-14,02:00,2026-08-14T01:50:00+02:00,2026-08-14T00:50:05+02:00,2026-08-14T01:50:00+02:00,8568,1171,24,0.136671,0.020495,auto headless Playwright
2026-08-14T03:00:00+02:00,2026-08-14,03:00,2026-08-14T02:50:05+02:00,2026-08-14T01:50:00+02:00,2026-08-14T02:50:05+02:00,8568,1171,24,0.136671,0.020495,auto headless Playwright
2026-08-14T04:00:00+02:00,2026-08-14,04:00,2026-08-14T03:50:03+02:00,2026-08-14T02:50:05+02:00,2026-08-14T03:50:03+02:00,8568,1171,24,0.136671,0.020495,auto headless Playwright
2026-08-14T05:00:00+02:00,2026-08-14,05:00,2026-08-14T04:50:05+02:00,2026-08-14T03:50:03+02:00,2026-08-14T04:50:05+02:00,8568,1171,24,0.136671,0.020495,auto headless Playwright
2026-08-14T06:00:00+02:00,2026-08-14,06:00,2026-08-14T05:50:05+02:00,2026-08-14T04:50:05+02:00,2026-08-14T05:50:05+02:00,8865,1203,25,0.135702,0.020781,auto headless Playwright
2026-08-14T07:00:00+02:00,2026-08-14,07:00,2026-08-14T06:50:05+02:00,2026-08-14T05:50:05+02:00,2026-08-14T06:50:05+02:00,8845,1202,25,0.135896,0.020799,auto headless Playwright
2026-08-14T08:00:00+02:00,2026-08-14,08:00,2026-08-14T07:50:03+02:00,2026-08-14T06:50:05+02:00,2026-08-14T07:50:03+02:00,8857,1203,25,0.135825,0.020781,auto headless Playwright
2026-08-14T09:00:00+02:00,2026-08-14,09:00,2026-08-14T08:50:02+02:00,2026-08-14T07:50:03+02:00,2026-08-14T08:50:02+02:00,8883,1206,25,0.135765,0.02073,auto headless Playwright
2026-08-14T10:00:00+02:00,2026-08-14,10:00,2026-08-14T09:50:06+02:00,2026-08-14T08:50:02+02:00,2026-08-14T09:50:06+02:00,8931,1212,25,0.135707,0.020627,auto headless Playwright
2026-08-14T11:00:00+02:00,2026-08-14,11:00,2026-08-14T10:50:05+02:00,2026-08-14T09:50:06+02:00,2026-08-14T10:50:05+02:00,8977,1213,25,0.135123,0.02061,auto headless Playwright
2026-08-14T12:00:00+02:00,2026-08-14,12:00,2026-08-14T11:50:05+02:00,2026-08-14T10:50:05+02:00,2026-08-14T11:50:05+02:00,9036,1218,25,0.134794,0.020525,auto headless Playwright
2026-08-14T13:00:00+02:00,2026-08-14,13:00,2026-08-14T12:50:02+02:00,2026-08-14T11:50:05+02:00,2026-08-14T12:50:02+02:00,9072,1218,25,0.134259,0.020525,auto headless Playwright
2026-08-14T14:00:00+02:00,2026-08-14,14:00,2026-08-14T13:50:05+02:00,2026-08-14T12:50:02+02:00,2026-08-14T13:50:05+02:00,9122,1225,25,0.134291,0.020408,auto headless Playwright
2026-08-14T15:00:00+02:00,2026-08-14,15:00,2026-08-14T14:50:01+02:00,2026-08-14T13:50:05+02:00,2026-08-14T14:50:01+02:00,9175,1231,25,0.134169,0.020309,auto headless Playwright
2026-08-14T16:00:00+02:00,2026-08-14,16:00,2026-08-14T15:50:04+02:00,2026-08-14T14:50:01+02:00,2026-08-14T15:50:04+02:00,9243,1237,25,0.133831,0.02021,auto headless Playwright
2026-08-14T17:00:00+02:00,2026-08-14,17:00,2026-08-14T16:50:02+02:00,2026-08-14T15:50:04+02:00,2026-08-14T16:50:02+02:00,9310,1239,25,0.133083,0.020178,auto headless Playwright
2026-08-14T18:00:00+02:00,2026-08-14,18:00,2026-08-14T17:50:03+02:00,2026-08-14T16:50:02+02:00,2026-08-14T17:50:03+02:00,9356,1243,25,0.132856,0.020113,auto headless Playwright
2026-08-14T19:00:00+02:00,2026-08-14,19:00,2026-08-14T18:50:00+02:00,2026-08-14T17:50:03+02:00,2026-08-14T18:50:00+02:00,9410,1249,25,0.132731,0.020016,auto headless Playwright
2026-08-14T20:00:00+02:00,2026-08-14,20:00,2026-08-14T19:50:04+02:00,2026-08-14T18:50:00+02:00,2026-08-14T19:50:04+02:00,9439,1250,25,0.132429,0.02,auto headless Playwright
2026-08-14T21:00:00+02:00,2026-08-14,21:00,2026-08-14T20:50:04+02:00,2026-08-14T19:50:04+02:00,2026-08-14T20:50:04+02:00,9531,1254,25,0.131571,0.019936,auto headless Playwright
2026-08-14T22:00:00+02:00,2026-08-14,22:00,2026-08-14T21:50:04+02:00,2026-08-14T20:50:04+02:00,2026-08-14T21:50:04+02:00,9602,1266,25,0.131848,0.019747,auto headless Playwright
2026-08-14T23:00:00+02:00,2026-08-14,23:00,2026-08-14T22:50:04+02:00,2026-08-14T21:50:04+02:00,2026-08-14T22:50:04+02:00,9638,1269,25,0.131666,0.019701,auto headless Playwright
2026-08-15T00:00:00+02:00,2026-08-15,00:00,2026-08-14T23:50:05+02:00,2026-08-14T22:50:04+02:00,2026-08-14T23:50:05+02:00,9638,1269,25,0.131666,0.019701,auto headless Playwright
2026-08-15T01:00:00+02:00,2026-08-15,01:00,2026-08-15T00:50:05+02:00,2026-08-14T23:50:05+02:00,2026-08-15T00:50:05+02:00,9638,1269,25,0.131666,0.019701,auto headless Playwright
2026-08-15T02:00:00+02:00,2026-08-15,02:00,2026-08-15T01:50:02+02:00,2026-08-15T00:50:05+02:00,2026-08-15T01:50:02+02:00,9638,1269,25,0.131666,0.019701,auto headless Playwright
2026-08-15T03:00:00+02:00,2026-08-15,03:00,2026-08-15T02:50:04+02:00,2026-08-15T01:50:02+02:00,2026-08-15T02:50:04+02:00,9638,1269,25,0.131666,0.019701,auto headless Playwright
2026-08-15T04:00:00+02:00,2026-08-15,04:00,2026-08-15T03:50:04+02:00,2026-08-15T02:50:04+02:00,2026-08-15T03:50:04+02:00,9638,1269,25,0.131666,0.019701,auto headless Playwright
2026-08-15T05:00:00+02:00,2026-08-15,05:00,2026-08-15T04:50:04+02:00,2026-08-15T03:50:04+02:00,2026-08-15T04:50:04+02:00,9638,1269,25,0.131666,0.019701,auto headless Playwright
2026-08-15T06:00:00+02:00,2026-08-15,06:00,2026-08-15T05:50:04+02:00,2026-08-15T04:50:04+02:00,2026-08-15T05:50:04+02:00,9654,1246,24,0.129066,0.019262,auto headless Playwright
2026-08-15T07:00:00+02:00,2026-08-15,07:00,2026-08-15T06:50:04+02:00,2026-08-15T05:50:04+02:00,2026-08-15T06:50:04+02:00,9614,1243,24,0.129291,0.019308,auto headless Playwright
2026-08-15T08:00:00+02:00,2026-08-15,08:00,2026-08-15T07:50:01+02:00,2026-08-15T06:50:04+02:00,2026-08-15T07:50:01+02:00,9625,1244,24,0.129247,0.019293,auto headless Playwright
2026-08-15T09:00:00+02:00,2026-08-15,09:00,2026-08-15T08:50:03+02:00,2026-08-15T07:50:01+02:00,2026-08-15T08:50:03+02:00,9643,1244,24,0.129005,0.019293,auto headless Playwright
2026-08-15T10:00:00+02:00,2026-08-15,10:00,2026-08-15T09:50:03+02:00,2026-08-15T08:50:03+02:00,2026-08-15T09:50:03+02:00,9677,1245,24,0.128656,0.019277,auto headless Playwright
2026-08-15T11:00:00+02:00,2026-08-15,11:00,2026-08-15T10:50:02+02:00,2026-08-15T09:50:03+02:00,2026-08-15T10:50:02+02:00,9740,1250,24,0.128337,0.0192,auto headless Playwright
2026-08-15T12:00:00+02:00,2026-08-15,12:00,2026-08-15T11:50:01+02:00,2026-08-15T10:50:02+02:00,2026-08-15T11:50:01+02:00,9780,1253,24,0.128119,0.019154,auto headless Playwright
2026-08-15T13:00:00+02:00,2026-08-15,13:00,2026-08-15T12:50:01+02:00,2026-08-15T11:50:01+02:00,2026-08-15T12:50:01+02:00,9826,1253,24,0.127519,0.019154,auto headless Playwright
2026-08-15T14:00:00+02:00,2026-08-15,14:00,2026-08-15T13:50:04+02:00,2026-08-15T12:50:01+02:00,2026-08-15T13:50:04+02:00,9876,1258,24,0.12738,0.019078,auto headless Playwright
2026-08-15T15:00:00+02:00,2026-08-15,15:00,2026-08-15T14:50:04+02:00,2026-08-15T13:50:04+02:00,2026-08-15T14:50:04+02:00,9913,1263,24,0.127408,0.019002,auto headless Playwright
2026-08-15T16:00:00+02:00,2026-08-15,16:00,2026-08-15T15:50:04+02:00,2026-08-15T14:50:04+02:00,2026-08-15T15:50:04+02:00,9966,1265,24,0.126932,0.018972,auto headless Playwright
2026-08-15T17:00:00+02:00,2026-08-15,17:00,2026-08-15T16:50:04+02:00,2026-08-15T15:50:04+02:00,2026-08-15T16:50:04+02:00,10001,1267,24,0.126687,0.018942,auto headless Playwright
2026-08-15T18:00:00+02:00,2026-08-15,18:00,2026-08-15T17:50:04+02:00,2026-08-15T16:50:04+02:00,2026-08-15T17:50:04+02:00,10034,1269,24,0.12647,0.018913,auto headless Playwright
2026-08-15T19:00:00+02:00,2026-08-15,19:00,2026-08-15T18:50:03+02:00,2026-08-15T17:50:04+02:00,2026-08-15T18:50:03+02:00,10079,1271,24,0.126104,0.018883,auto headless Playwright
2026-08-15T20:00:00+02:00,2026-08-15,20:00,2026-08-15T19:50:05+02:00,2026-08-15T18:50:03+02:00,2026-08-15T19:50:05+02:00,10120,1274,24,0.125889,0.018838,auto headless Playwright
2026-08-15T21:00:00+02:00,2026-08-15,21:00,2026-08-15T20:50:04+02:00,2026-08-15T19:50:05+02:00,2026-08-15T20:50:04+02:00,10171,1277,24,0.125553,0.018794,auto headless Playwright
2026-08-15T22:00:00+02:00,2026-08-15,22:00,2026-08-15T21:50:03+02:00,2026-08-15T20:50:04+02:00,2026-08-15T21:50:03+02:00,10231,1279,24,0.125012,0.018765,auto headless Playwright
2026-08-15T23:00:00+02:00,2026-08-15,23:00,2026-08-15T22:50:05+02:00,2026-08-15T21:50:03+02:00,2026-08-15T22:50:05+02:00,10283,1285,25,0.124964,0.019455,auto headless Playwright
2026-08-16T00:00:00+02:00,2026-08-16,00:00,2026-08-15T23:50:04+02:00,2026-08-15T22:50:05+02:00,2026-08-15T23:50:04+02:00,10283,1285,25,0.124964,0.019455,auto headless Playwright
2026-08-16T01:00:00+02:00,2026-08-16,01:00,2026-08-16T00:50:05+02:00,2026-08-15T23:50:04+02:00,2026-08-16T00:50:05+02:00,10283,1285,25,0.124964,0.019455,auto headless Playwright
2026-08-16T02:00:00+02:00,2026-08-16,02:00,2026-08-16T01:50:04+02:00,2026-08-16T00:50:05+02:00,2026-08-16T01:50:04+02:00,10283,1285,25,0.124964,0.019455,auto headless Playwright
2026-08-16T03:00:00+02:00,2026-08-16,03:00,2026-08-16T02:50:05+02:00,2026-08-16T01:50:04+02:00,2026-08-16T02:50:05+02:00,10283,1285,25,0.124964,0.019455,auto headless Playwright
2026-08-16T04:00:00+02:00,2026-08-16,04:00,2026-08-16T03:50:05+02:00,2026-08-16T02:50:05+02:00,2026-08-16T03:50:05+02:00,10283,1285,25,0.124964,0.019455,auto headless Playwright
2026-08-16T05:00:00+02:00,2026-08-16,05:00,2026-08-16T04:50:03+02:00,2026-08-16T03:50:05+02:00,2026-08-16T04:50:03+02:00,10283,1285,25,0.124964,0.019455,auto headless Playwright
2026-08-16T06:00:00+02:00,2026-08-16,06:00,2026-08-16T05:50:05+02:00,2026-08-16T04:50:03+02:00,2026-08-16T05:50:05+02:00,10410,1293,24,0.124207,0.018561,auto headless Playwright
2026-08-16T07:00:00+02:00,2026-08-16,07:00,2026-08-16T06:50:03+02:00,2026-08-16T05:50:05+02:00,2026-08-16T06:50:03+02:00,10391,1294,24,0.124531,0.018547,auto headless Playwright
2026-08-16T08:00:00+02:00,2026-08-16,08:00,2026-08-16T07:50:01+02:00,2026-08-16T06:50:03+02:00,2026-08-16T07:50:01+02:00,10395,1294,24,0.124483,0.018547,auto headless Playwright
2026-08-16T09:00:00+02:00,2026-08-16,09:00,2026-08-16T08:50:05+02:00,2026-08-16T07:50:01+02:00,2026-08-16T08:50:05+02:00,10411,1298,24,0.124676,0.01849,auto headless Playwright
2026-08-16T10:00:00+02:00,2026-08-16,10:00,2026-08-16T09:50:03+02:00,2026-08-16T08:50:05+02:00,2026-08-16T09:50:03+02:00,10437,1299,24,0.124461,0.018476,auto headless Playwright
2026-08-16T11:00:00+02:00,2026-08-16,11:00,2026-08-16T10:50:03+02:00,2026-08-16T09:50:03+02:00,2026-08-16T10:50:03+02:00,10482,1305,24,0.124499,0.018391,auto headless Playwright
2026-08-16T12:00:00+02:00,2026-08-16,12:00,2026-08-16T11:50:04+02:00,2026-08-16T10:50:03+02:00,2026-08-16T11:50:04+02:00,10524,1307,24,0.124192,0.018363,auto headless Playwright
2026-08-16T13:00:00+02:00,2026-08-16,13:00,2026-08-16T12:50:03+02:00,2026-08-16T11:50:04+02:00,2026-08-16T12:50:03+02:00,10583,1311,24,0.123878,0.018307,auto headless Playwright
2026-08-16T14:00:00+02:00,2026-08-16,14:00,2026-08-16T13:50:01+02:00,2026-08-16T12:50:03+02:00,2026-08-16T13:50:01+02:00,10642,1316,24,0.123661,0.018237,auto headless Playwright
2026-08-16T15:00:00+02:00,2026-08-16,15:00,2026-08-16T14:50:02+02:00,2026-08-16T13:50:01+02:00,2026-08-16T14:50:02+02:00,10674,1319,24,0.123571,0.018196,auto headless Playwright
2026-08-16T16:00:00+02:00,2026-08-16,16:00,2026-08-16T15:50:05+02:00,2026-08-16T14:50:02+02:00,2026-08-16T15:50:05+02:00,10715,1319,24,0.123098,0.018196,auto headless Playwright
2026-08-16T17:00:00+02:00,2026-08-16,17:00,2026-08-16T16:50:03+02:00,2026-08-16T15:50:05+02:00,2026-08-16T16:50:03+02:00,10747,1320,24,0.122825,0.018182,auto headless Playwright
2026-08-16T18:00:00+02:00,2026-08-16,18:00,2026-08-16T17:50:04+02:00,2026-08-16T16:50:03+02:00,2026-08-16T17:50:04+02:00,10786,1322,25,0.122566,0.018911,auto headless Playwright
2026-08-16T19:00:00+02:00,2026-08-16,19:00,2026-08-16T18:50:04+02:00,2026-08-16T17:50:04+02:00,2026-08-16T18:50:04+02:00,10823,1325,25,0.122424,0.018868,auto headless Playwright
2026-08-16T20:00:00+02:00,2026-08-16,20:00,2026-08-16T19:50:05+02:00,2026-08-16T18:50:04+02:00,2026-08-16T19:50:05+02:00,10860,1330,26,0.122468,0.019549,auto headless Playwright
2026-08-16T21:00:00+02:00,2026-08-16,21:00,2026-08-16T20:50:01+02:00,2026-08-16T19:50:05+02:00,2026-08-16T20:50:01+02:00,10911,1334,26,0.122262,0.01949,auto headless Playwright
2026-08-16T22:00:00+02:00,2026-08-16,22:00,2026-08-16T21:50:03+02:00,2026-08-16T20:50:01+02:00,2026-08-16T21:50:03+02:00,10946,1335,26,0.121962,0.019476,auto headless Playwright
2026-08-16T23:00:00+02:00,2026-08-16,23:00,2026-08-16T22:50:04+02:00,2026-08-16T21:50:03+02:00,2026-08-16T22:50:04+02:00,10994,1336,26,0.121521,0.019461,auto headless Playwright
2026-08-17T00:00:00+02:00,2026-08-17,00:00,2026-08-16T23:50:04+02:00,2026-08-16T22:50:04+02:00,2026-08-16T23:50:04+02:00,10994,1336,26,0.121521,0.019461,auto headless Playwright
2026-08-17T01:00:00+02:00,2026-08-17,01:00,2026-08-17T00:50:05+02:00,2026-08-16T23:50:04+02:00,2026-08-17T00:50:05+02:00,10994,1336,26,0.121521,0.019461,auto headless Playwright
2026-08-17T02:00:00+02:00,2026-08-17,02:00,2026-08-17T01:50:03+02:00,2026-08-17T00:50:05+02:00,2026-08-17T01:50:03+02:00,10994,1336,26,0.121521,0.019461,auto headless Playwright
2026-08-17T03:00:00+02:00,2026-08-17,03:00,2026-08-17T02:50:04+02:00,2026-08-17T01:50:03+02:00,2026-08-17T02:50:04+02:00,10994,1336,26,0.121521,0.019461,auto headless Playwright
2026-08-17T04:00:00+02:00,2026-08-17,04:00,2026-08-17T03:50:01+02:00,2026-08-17T02:50:04+02:00,2026-08-17T03:50:01+02:00,10994,1336,26,0.121521,0.019461,auto headless Playwright
2026-08-17T05:00:00+02:00,2026-08-17,05:00,2026-08-17T04:50:04+02:00,2026-08-17T03:50:01+02:00,2026-08-17T04:50:04+02:00,10994,1336,26,0.121521,0.019461,auto headless Playwright
2026-08-17T06:00:00+02:00,2026-08-17,06:00,2026-08-17T05:50:01+02:00,2026-08-17T04:50:04+02:00,2026-08-17T05:50:01+02:00,11138,1345,26,0.120758,0.019331,auto headless Playwright
2026-08-17T07:00:00+02:00,2026-08-17,07:00,2026-08-17T06:50:00+02:00,2026-08-17T05:50:01+02:00,2026-08-17T06:50:00+02:00,11121,1344,26,0.120852,0.019345,auto headless Playwright
2026-08-17T08:00:00+02:00,2026-08-17,08:00,2026-08-17T07:50:01+02:00,2026-08-17T06:50:00+02:00,2026-08-17T07:50:01+02:00,11125,1344,26,0.120809,0.019345,auto headless Playwright
2026-08-17T09:00:00+02:00,2026-08-17,09:00,2026-08-17T08:50:04+02:00,2026-08-17T07:50:01+02:00,2026-08-17T08:50:04+02:00,11137,1346,26,0.120858,0.019316,auto headless Playwright
2026-08-17T10:00:00+02:00,2026-08-17,10:00,2026-08-17T09:50:05+02:00,2026-08-17T08:50:04+02:00,2026-08-17T09:50:05+02:00,11156,1347,26,0.120742,0.019302,auto headless Playwright
2026-08-17T11:00:00+02:00,2026-08-17,11:00,2026-08-17T10:50:05+02:00,2026-08-17T09:50:05+02:00,2026-08-17T10:50:05+02:00,11189,1352,26,0.120833,0.019231,auto headless Playwright
2026-08-17T12:00:00+02:00,2026-08-17,12:00,2026-08-17T11:50:02+02:00,2026-08-17T10:50:05+02:00,2026-08-17T11:50:02+02:00,11245,1355,26,0.120498,0.019188,auto headless Playwright
2026-08-17T13:00:00+02:00,2026-08-17,13:00,2026-08-17T12:50:04+02:00,2026-08-17T11:50:02+02:00,2026-08-17T12:50:04+02:00,11273,1357,26,0.120376,0.01916,auto headless Playwright
2026-08-17T14:00:00+02:00,2026-08-17,14:00,2026-08-17T13:50:05+02:00,2026-08-17T12:50:04+02:00,2026-08-17T13:50:05+02:00,11324,1358,26,0.119922,0.019146,auto headless Playwright
2026-08-17T15:00:00+02:00,2026-08-17,15:00,2026-08-17T14:50:06+02:00,2026-08-17T13:50:05+02:00,2026-08-17T14:50:06+02:00,11362,1364,26,0.120049,0.019062,auto headless Playwright
2026-08-17T16:00:00+02:00,2026-08-17,16:00,2026-08-17T15:50:04+02:00,2026-08-17T14:50:06+02:00,2026-08-17T15:50:04+02:00,11413,1365,26,0.1196,0.019048,auto headless Playwright
2026-08-17T17:00:00+02:00,2026-08-17,17:00,2026-08-17T16:50:05+02:00,2026-08-17T15:50:04+02:00,2026-08-17T16:50:05+02:00,11462,1368,26,0.119351,0.019006,auto headless Playwright
2026-08-17T18:00:00+02:00,2026-08-17,18:00,2026-08-17T17:50:03+02:00,2026-08-17T16:50:05+02:00,2026-08-17T17:50:03+02:00,11520,1370,26,0.118924,0.018978,auto headless Playwright
2026-08-17T19:00:00+02:00,2026-08-17,19:00,2026-08-17T18:50:06+02:00,2026-08-17T17:50:03+02:00,2026-08-17T18:50:06+02:00,11568,1379,29,0.119208,0.02103,auto headless Playwright
2026-08-17T20:00:00+02:00,2026-08-17,20:00,2026-08-17T19:50:03+02:00,2026-08-17T18:50:06+02:00,2026-08-17T19:50:03+02:00,11599,1382,29,0.119148,0.020984,auto headless Playwright
2026-08-17T21:00:00+02:00,2026-08-17,21:00,2026-08-17T20:50:04+02:00,2026-08-17T19:50:03+02:00,2026-08-17T20:50:04+02:00,11619,1382,29,0.118943,0.020984,auto headless Playwright
2026-08-17T22:00:00+02:00,2026-08-17,22:00,2026-08-17T21:50:05+02:00,2026-08-17T20:50:04+02:00,2026-08-17T21:50:05+02:00,11720,1389,29,0.118515,0.020878,auto headless Playwright
2026-08-17T23:00:00+02:00,2026-08-17,23:00,2026-08-17T22:50:06+02:00,2026-08-17T21:50:05+02:00,2026-08-17T22:50:06+02:00,11793,1393,29,0.118121,0.020818,auto headless Playwright
2026-08-18T00:00:00+02:00,2026-08-18,00:00,2026-08-17T23:50:04+02:00,2026-08-17T22:50:06+02:00,2026-08-17T23:50:04+02:00,11793,1393,29,0.118121,0.020818,auto headless Playwright
2026-08-18T01:00:00+02:00,2026-08-18,01:00,2026-08-18T00:50:01+02:00,2026-08-17T23:50:04+02:00,2026-08-18T00:50:01+02:00,11793,1393,29,0.118121,0.020818,auto headless Playwright
2026-08-18T02:00:00+02:00,2026-08-18,02:00,2026-08-18T01:50:05+02:00,2026-08-18T00:50:01+02:00,2026-08-18T01:50:05+02:00,11793,1393,29,0.118121,0.020818,auto headless Playwright
2026-08-18T03:00:00+02:00,2026-08-18,03:00,2026-08-18T02:50:04+02:00,2026-08-18T01:50:05+02:00,2026-08-18T02:50:04+02:00,11793,1393,29,0.118121,0.020818,auto headless Playwright
2026-08-18T04:00:00+02:00,2026-08-18,04:00,2026-08-18T03:50:03+02:00,2026-08-18T02:50:04+02:00,2026-08-18T03:50:03+02:00,11793,1393,29,0.118121,0.020818,auto headless Playwright
2026-08-18T05:00:00+02:00,2026-08-18,05:00,2026-08-18T04:50:03+02:00,2026-08-18T03:50:03+02:00,2026-08-18T04:50:03+02:00,11793,1393,29,0.118121,0.020818,auto headless Playwright
2026-08-18T06:00:00+02:00,2026-08-18,06:00,2026-08-18T05:50:03+02:00,2026-08-18T04:50:03+02:00,2026-08-18T05:50:03+02:00,11976,1403,29,0.117151,0.02067,auto headless Playwright
2026-08-18T07:00:00+02:00,2026-08-18,07:00,2026-08-18T06:50:02+02:00,2026-08-18T05:50:03+02:00,2026-08-18T06:50:02+02:00,11964,1403,29,0.117268,0.02067,auto headless Playwright
2026-08-18T08:00:00+02:00,2026-08-18,08:00,2026-08-18T07:50:04+02:00,2026-08-18T06:50:02+02:00,2026-08-18T07:50:04+02:00,11973,1404,29,0.117264,0.020655,auto headless Playwright
2026-08-18T09:00:00+02:00,2026-08-18,09:00,2026-08-18T08:50:03+02:00,2026-08-18T07:50:04+02:00,2026-08-18T08:50:03+02:00,11993,1404,29,0.117068,0.020655,auto headless Playwright
2026-08-18T10:00:00+02:00,2026-08-18,10:00,2026-08-18T09:50:02+02:00,2026-08-18T08:50:03+02:00,2026-08-18T09:50:02+02:00,12027,1408,29,0.11707,0.020597,auto headless Playwright
2026-08-18T11:00:00+02:00,2026-08-18,11:00,2026-08-18T10:50:05+02:00,2026-08-18T09:50:02+02:00,2026-08-18T10:50:05+02:00,12067,1411,29,0.11693,0.020553,auto headless Playwright
2026-08-18T12:00:00+02:00,2026-08-18,12:00,2026-08-18T11:50:04+02:00,2026-08-18T10:50:05+02:00,2026-08-18T11:50:04+02:00,12120,1413,29,0.116584,0.020524,auto headless Playwright
2026-08-18T13:00:00+02:00,2026-08-18,13:00,2026-08-18T12:50:04+02:00,2026-08-18T11:50:04+02:00,2026-08-18T12:50:04+02:00,12158,1413,30,0.11622,0.021231,auto headless Playwright
2026-08-18T14:00:00+02:00,2026-08-18,14:00,2026-08-18T13:50:00+02:00,2026-08-18T12:50:04+02:00,2026-08-18T13:50:00+02:00,12197,1415,30,0.116012,0.021201,auto headless Playwright
2026-08-18T15:00:00+02:00,2026-08-18,15:00,2026-08-18T15:44:08+02:00,2026-08-18T13:50:00+02:00,2026-08-18T15:44:08+02:00,12257,1417,30,0.115607,0.021171,handmatig
2026-08-18T16:00:00+02:00,2026-08-18,16:00,2026-08-18T16:14:14+02:00,2026-08-18T15:44:08+02:00,2026-08-18T16:14:14+02:00,12294,1419,30,0.115422,0.021142,handmatig
2026-08-18T17:00:00+02:00,2026-08-18,17:00,2026-08-18T17:27:27+02:00,2026-08-18T16:14:14+02:00,2026-08-18T17:27:27+02:00,12332,1419,30,0.115066,0.021142,auto headless Playwright
2026-08-18T18:00:00+02:00,2026-08-18,18:00,2026-08-18T17:50:03+02:00,2026-08-18T17:27:27+02:00,2026-08-18T17:50:03+02:00,12385,1421,30,0.114736,0.021112,auto headless Playwright
2026-08-18T19:00:00+02:00,2026-08-18,19:00,2026-08-18T18:50:04+02:00,2026-08-18T17:50:03+02:00,2026-08-18T18:50:04+02:00,12429,1422,30,0.11441,0.021097,auto headless Playwright
2026-08-18T20:00:00+02:00,2026-08-18,20:00,2026-08-18T19:50:01+02:00,2026-08-18T18:50:04+02:00,2026-08-18T19:50:01+02:00,12484,1424,30,0.114066,0.021067,auto headless Playwright
2026-08-18T21:00:00+02:00,2026-08-18,21:00,2026-08-18T20:50:05+02:00,2026-08-18T19:50:01+02:00,2026-08-18T20:50:05+02:00,12540,1427,30,0.113796,0.021023,auto headless Playwright
2026-08-18T22:00:00+02:00,2026-08-18,22:00,2026-08-18T21:50:05+02:00,2026-08-18T20:50:05+02:00,2026-08-18T21:50:05+02:00,12577,1431,30,0.113779,0.020964,auto headless Playwright
2026-08-18T23:00:00+02:00,2026-08-18,23:00,2026-08-18T22:50:03+02:00,2026-08-18T21:50:05+02:00,2026-08-18T22:50:03+02:00,12679,1440,30,0.113574,0.020833,auto headless Playwright
2026-08-19T00:00:00+02:00,2026-08-19,00:00,2026-08-18T23:50:03+02:00,2026-08-18T22:50:03+02:00,2026-08-18T23:50:03+02:00,12679,1440,30,0.113574,0.020833,auto headless Playwright
2026-08-19T01:00:00+02:00,2026-08-19,01:00,2026-08-19T00:50:00+02:00,2026-08-18T23:50:03+02:00,2026-08-19T00:50:00+02:00,12679,1440,30,0.113574,0.020833,auto headless Playwright
2026-08-19T02:00:00+02:00,2026-08-19,02:00,2026-08-19T01:50:05+02:00,2026-08-19T00:50:00+02:00,2026-08-19T01:50:05+02:00,12679,1440,30,0.113574,0.020833,auto headless Playwright
2026-08-19T03:00:00+02:00,2026-08-19,03:00,2026-08-19T02:50:03+02:00,2026-08-19T01:50:05+02:00,2026-08-19T02:50:03+02:00,12679,1440,30,0.113574,0.020833,auto headless Playwright
2026-08-19T04:00:00+02:00,2026-08-19,04:00,2026-08-19T03:50:04+02:00,2026-08-19T02:50:03+02:00,2026-08-19T03:50:04+02:00,12679,1440,30,0.113574,0.020833,auto headless Playwright
2026-08-19T05:00:00+02:00,2026-08-19,05:00,2026-08-19T04:50:03+02:00,2026-08-19T03:50:04+02:00,2026-08-19T04:50:03+02:00,12679,1440,30,0.113574,0.020833,auto headless Playwright
2026-08-19T06:00:00+02:00,2026-08-19,06:00,2026-08-19T05:50:00+02:00,2026-08-19T04:50:03+02:00,2026-08-19T05:50:00+02:00,12838,1449,30,0.112868,0.020704,auto headless Playwright
2026-08-19T07:00:00+02:00,2026-08-19,07:00,2026-08-19T06:50:04+02:00,2026-08-19T05:50:00+02:00,2026-08-19T06:50:04+02:00,12815,1448,30,0.112993,0.020718,auto headless Playwright
2026-08-19T08:00:00+02:00,2026-08-19,08:00,2026-08-19T07:50:00+02:00,2026-08-19T06:50:04+02:00,2026-08-19T07:50:00+02:00,12826,1449,30,0.112974,0.020704,auto headless Playwright
2026-08-19T09:00:00+02:00,2026-08-19,09:00,2026-08-19T08:50:04+02:00,2026-08-19T07:50:00+02:00,2026-08-19T08:50:04+02:00,12851,1454,31,0.113143,0.02132,auto headless Playwright
2026-08-19T10:00:00+02:00,2026-08-19,10:00,2026-08-19T09:50:03+02:00,2026-08-19T08:50:04+02:00,2026-08-19T09:50:03+02:00,12873,1459,31,0.113338,0.021247,auto headless Playwright
2026-08-19T11:00:00+02:00,2026-08-19,11:00,2026-08-19T10:50:05+02:00,2026-08-19T09:50:03+02:00,2026-08-19T10:50:05+02:00,12921,1461,31,0.113072,0.021218,auto headless Playwright
2026-08-19T12:00:00+02:00,2026-08-19,12:00,2026-08-19T11:50:04+02:00,2026-08-19T10:50:05+02:00,2026-08-19T11:50:04+02:00,12961,1463,31,0.112877,0.021189,auto headless Playwright
2026-08-19T13:00:00+02:00,2026-08-19,13:00,2026-08-19T12:50:04+02:00,2026-08-19T11:50:04+02:00,2026-08-19T12:50:04+02:00,12995,1465,31,0.112736,0.02116,auto headless Playwright
2026-08-19T14:00:00+02:00,2026-08-19,14:00,2026-08-19T13:50:04+02:00,2026-08-19T12:50:04+02:00,2026-08-19T13:50:04+02:00,13038,1467,31,0.112517,0.021132,auto headless Playwright
2026-08-19T15:00:00+02:00,2026-08-19,15:00,2026-08-19T14:50:02+02:00,2026-08-19T13:50:04+02:00,2026-08-19T14:50:02+02:00,13079,1470,32,0.112394,0.021769,auto headless Playwright
2026-08-19T16:00:00+02:00,2026-08-19,16:00,2026-08-19T15:50:04+02:00,2026-08-19T14:50:02+02:00,2026-08-19T15:50:04+02:00,13112,1474,32,0.112416,0.02171,auto headless Playwright
2026-08-19T17:00:00+02:00,2026-08-19,17:00,2026-08-19T16:50:05+02:00,2026-08-19T15:50:04+02:00,2026-08-19T16:50:05+02:00,13199,1480,32,0.11213,0.021622,auto headless Playwright
2026-08-19T18:00:00+02:00,2026-08-19,18:00,2026-08-19T17:50:04+02:00,2026-08-19T16:50:05+02:00,2026-08-19T17:50:04+02:00,13263,1482,32,0.111739,0.021592,auto headless Playwright
2026-08-19T19:00:00+02:00,2026-08-19,19:00,2026-08-19T18:50:05+02:00,2026-08-19T17:50:04+02:00,2026-08-19T18:50:05+02:00,13303,1487,32,0.111779,0.02152,auto headless Playwright
2026-08-19T20:00:00+02:00,2026-08-19,20:00,2026-08-19T19:50:04+02:00,2026-08-19T18:50:05+02:00,2026-08-19T19:50:04+02:00,13330,1488,32,0.111628,0.021505,auto headless Playwright
2026-08-19T21:00:00+02:00,2026-08-19,21:00,2026-08-19T20:50:03+02:00,2026-08-19T19:50:04+02:00,2026-08-19T20:50:03+02:00,13385,1490,32,0.111319,0.021477,auto headless Playwright
2026-08-19T22:00:00+02:00,2026-08-19,22:00,2026-08-19T21:50:00+02:00,2026-08-19T20:50:03+02:00,2026-08-19T21:50:00+02:00,13410,1493,32,0.111335,0.021433,auto headless Playwright
2026-08-19T23:00:00+02:00,2026-08-19,23:00,2026-08-19T22:50:05+02:00,2026-08-19T21:50:00+02:00,2026-08-19T22:50:05+02:00,13465,1495,32,0.111029,0.021405,auto headless Playwright
2026-08-20T00:00:00+02:00,2026-08-20,00:00,2026-08-19T23:50:03+02:00,2026-08-19T22:50:05+02:00,2026-08-19T23:50:03+02:00,13465,1495,32,0.111029,0.021405,auto headless Playwright
2026-08-20T01:00:00+02:00,2026-08-20,01:00,2026-08-20T00:50:04+02:00,2026-08-19T23:50:03+02:00,2026-08-20T00:50:04+02:00,13465,1495,32,0.111029,0.021405,auto headless Playwright
2026-08-20T02:00:00+02:00,2026-08-20,02:00,2026-08-20T01:50:05+02:00,2026-08-20T00:50:04+02:00,2026-08-20T01:50:05+02:00,13465,1495,32,0.111029,0.021405,auto headless Playwright
2026-08-20T03:00:00+02:00,2026-08-20,03:00,2026-08-20T02:50:04+02:00,2026-08-20T01:50:05+02:00,2026-08-20T02:50:04+02:00,13465,1495,32,0.111029,0.021405,auto headless Playwright
2026-08-20T04:00:00+02:00,2026-08-20,04:00,2026-08-20T03:50:05+02:00,2026-08-20T02:50:04+02:00,2026-08-20T03:50:05+02:00,13465,1495,32,0.111029,0.021405,auto headless Playwright
2026-08-20T05:00:00+02:00,2026-08-20,05:00,2026-08-20T04:50:03+02:00,2026-08-20T03:50:05+02:00,2026-08-20T04:50:03+02:00,13465,1495,32,0.111029,0.021405,auto headless Playwright
2026-08-20T06:00:00+02:00,2026-08-20,06:00,2026-08-20T05:50:05+02:00,2026-08-20T04:50:03+02:00,2026-08-20T05:50:05+02:00,13639,1510,32,0.110712,0.021192,auto headless Playwright
2026-08-20T07:00:00+02:00,2026-08-20,07:00,2026-08-20T06:50:05+02:00,2026-08-20T05:50:05+02:00,2026-08-20T06:50:05+02:00,13622,1511,32,0.110924,0.021178,auto headless Playwright
2026-08-20T08:00:00+02:00,2026-08-20,08:00,2026-08-20T07:50:04+02:00,2026-08-20T06:50:05+02:00,2026-08-20T07:50:04+02:00,13626,1511,32,0.110891,0.021178,auto headless Playwright
2026-08-20T09:00:00+02:00,2026-08-20,09:00,2026-08-20T08:50:02+02:00,2026-08-20T07:50:04+02:00,2026-08-20T08:50:02+02:00,13645,1512,32,0.11081,0.021164,auto headless Playwright
2026-08-20T10:00:00+02:00,2026-08-20,10:00,2026-08-20T09:50:05+02:00,2026-08-20T08:50:02+02:00,2026-08-20T09:50:05+02:00,13674,1517,32,0.11094,0.021094,auto headless Playwright
2026-08-20T11:00:00+02:00,2026-08-20,11:00,2026-08-20T10:50:05+02:00,2026-08-20T09:50:05+02:00,2026-08-20T10:50:05+02:00,13718,1518,32,0.110658,0.02108,auto headless Playwright
2026-08-20T12:00:00+02:00,2026-08-20,12:00,2026-08-20T11:50:02+02:00,2026-08-20T10:50:05+02:00,2026-08-20T11:50:02+02:00,13758,1520,32,0.110481,0.021053,auto headless Playwright
2026-08-20T13:00:00+02:00,2026-08-20,13:00,2026-08-20T12:50:00+02:00,2026-08-20T11:50:02+02:00,2026-08-20T12:50:00+02:00,13792,1522,32,0.110354,0.021025,auto headless Playwright
2026-08-20T14:00:00+02:00,2026-08-20,14:00,2026-08-20T13:50:04+02:00,2026-08-20T12:50:00+02:00,2026-08-20T13:50:04+02:00,13835,1522,32,0.110011,0.021025,auto headless Playwright
2026-08-20T15:00:00+02:00,2026-08-20,15:00,2026-08-20T14:50:03+02:00,2026-08-20T13:50:04+02:00,2026-08-20T14:50:03+02:00,13879,1524,32,0.109806,0.020997,auto headless Playwright
2026-08-20T16:00:00+02:00,2026-08-20,16:00,2026-08-20T15:50:02+02:00,2026-08-20T14:50:03+02:00,2026-08-20T15:50:02+02:00,13911,1526,32,0.109697,0.02097,auto headless Playwright
2026-08-20T17:00:00+02:00,2026-08-20,17:00,2026-08-20T16:50:00+02:00,2026-08-20T15:50:02+02:00,2026-08-20T16:50:00+02:00,13963,1529,32,0.109504,0.020929,auto headless Playwright
2026-08-20T18:00:00+02:00,2026-08-20,18:00,2026-08-20T17:50:04+02:00,2026-08-20T16:50:00+02:00,2026-08-20T17:50:04+02:00,14005,1529,32,0.109175,0.020929,auto headless Playwright
2026-08-20T19:00:00+02:00,2026-08-20,19:00,2026-08-20T18:50:04+02:00,2026-08-20T17:50:04+02:00,2026-08-20T18:50:04+02:00,14037,1531,32,0.109069,0.020901,auto headless Playwright
2026-08-20T20:00:00+02:00,2026-08-20,20:00,2026-08-20T19:50:05+02:00,2026-08-20T18:50:04+02:00,2026-08-20T19:50:05+02:00,14076,1532,32,0.108838,0.020888,auto headless Playwright
2026-08-20T21:00:00+02:00,2026-08-20,21:00,2026-08-20T20:50:03+02:00,2026-08-20T19:50:05+02:00,2026-08-20T20:50:03+02:00,14112,1533,32,0.108631,0.020874,auto headless Playwright
2026-08-20T22:00:00+02:00,2026-08-20,22:00,2026-08-20T21:50:04+02:00,2026-08-20T20:50:03+02:00,2026-08-20T21:50:04+02:00,14192,1537,32,0.1083,0.02082,auto headless Playwright
2026-08-20T23:00:00+02:00,2026-08-20,23:00,2026-08-20T22:50:04+02:00,2026-08-20T21:50:04+02:00,2026-08-20T22:50:04+02:00,14264,1544,33,0.108245,0.021373,auto headless Playwright
2026-08-21T00:00:00+02:00,2026-08-21,00:00,2026-08-20T23:50:05+02:00,2026-08-20T22:50:04+02:00,2026-08-20T23:50:05+02:00,14264,1544,33,0.108245,0.021373,auto headless Playwright
2026-08-21T01:00:00+02:00,2026-08-21,01:00,2026-08-21T00:50:02+02:00,2026-08-20T23:50:05+02:00,2026-08-21T00:50:02+02:00,14264,1544,33,0.108245,0.021373,auto headless Playwright
2026-08-21T02:00:00+02:00,2026-08-21,02:00,2026-08-21T01:50:05+02:00,2026-08-21T00:50:02+02:00,2026-08-21T01:50:05+02:00,14264,1544,33,0.108245,0.021373,auto headless Playwright
2026-08-21T03:00:00+02:00,2026-08-21,03:00,2026-08-21T02:50:03+02:00,2026-08-21T01:50:05+02:00,2026-08-21T02:50:03+02:00,14264,1544,33,0.108245,0.021373,auto headless Playwright
2026-08-21T04:00:00+02:00,2026-08-21,04:00,2026-08-21T03:50:01+02:00,2026-08-21T02:50:03+02:00,2026-08-21T03:50:01+02:00,14264,1544,33,0.108245,0.021373,auto headless Playwright
2026-08-21T05:00:00+02:00,2026-08-21,05:00,2026-08-21T04:50:02+02:00,2026-08-21T03:50:01+02:00,2026-08-21T04:50:02+02:00,14264,1544,33,0.108245,0.021373,auto headless Playwright
2026-08-21T06:00:00+02:00,2026-08-21,06:00,2026-08-21T05:50:04+02:00,2026-08-21T04:50:02+02:00,2026-08-21T05:50:04+02:00,14421,1551,33,0.107551,0.021277,auto headless Playwright
2026-08-21T07:00:00+02:00,2026-08-21,07:00,2026-08-21T06:50:03+02:00,2026-08-21T05:50:04+02:00,2026-08-21T06:50:03+02:00,14413,1551,33,0.107611,0.021277,auto headless Playwright
2026-08-21T08:00:00+02:00,2026-08-21,08:00,2026-08-21T07:50:04+02:00,2026-08-21T06:50:03+02:00,2026-08-21T07:50:04+02:00,14421,1551,33,0.107551,0.021277,auto headless Playwright
2026-08-21T09:00:00+02:00,2026-08-21,09:00,2026-08-21T08:50:01+02:00,2026-08-21T07:50:04+02:00,2026-08-21T08:50:01+02:00,14439,1552,33,0.107487,0.021263,auto headless Playwright
2026-08-21T10:00:00+02:00,2026-08-21,10:00,2026-08-21T09:50:04+02:00,2026-08-21T08:50:01+02:00,2026-08-21T09:50:04+02:00,14474,1552,33,0.107227,0.021263,auto headless Playwright
2026-08-21T11:00:00+02:00,2026-08-21,11:00,2026-08-21T10:50:05+02:00,2026-08-21T09:50:04+02:00,2026-08-21T10:50:05+02:00,14491,1552,33,0.107101,0.021263,auto headless Playwright
2026-08-21T12:00:00+02:00,2026-08-21,12:00,2026-08-21T11:50:00+02:00,2026-08-21T10:50:05+02:00,2026-08-21T11:50:00+02:00,14529,1555,33,0.107027,0.021222,auto headless Playwright
2026-08-21T13:00:00+02:00,2026-08-21,13:00,2026-08-21T12:50:02+02:00,2026-08-21T11:50:00+02:00,2026-08-21T12:50:02+02:00,14562,1555,33,0.106785,0.021222,auto headless Playwright
2026-08-21T14:00:00+02:00,2026-08-21,14:00,2026-08-21T13:50:00+02:00,2026-08-21T12:50:02+02:00,2026-08-21T13:50:00+02:00,14601,1559,33,0.106774,0.021167,auto headless Playwright
2026-08-21T15:00:00+02:00,2026-08-21,15:00,2026-08-21T14:50:02+02:00,2026-08-21T13:50:00+02:00,2026-08-21T14:50:02+02:00,14641,1560,33,0.10655,0.021154,auto headless Playwright
2026-08-21T16:00:00+02:00,2026-08-21,16:00,2026-08-21T15:50:04+02:00,2026-08-21T14:50:02+02:00,2026-08-21T15:50:04+02:00,14684,1561,33,0.106306,0.02114,auto headless Playwright
2026-08-21T17:00:00+02:00,2026-08-21,17:00,2026-08-21T16:50:04+02:00,2026-08-21T15:50:04+02:00,2026-08-21T16:50:04+02:00,14721,1563,33,0.106175,0.021113,auto headless Playwright
2026-08-21T18:00:00+02:00,2026-08-21,18:00,2026-08-21T17:50:01+02:00,2026-08-21T16:50:04+02:00,2026-08-21T17:50:01+02:00,14759,1567,33,0.106173,0.021059,auto headless Playwright
2026-08-21T19:00:00+02:00,2026-08-21,19:00,2026-08-21T18:50:03+02:00,2026-08-21T17:50:01+02:00,2026-08-21T18:50:03+02:00,14789,1570,33,0.10616,0.021019,auto headless Playwright
2026-08-21T20:00:00+02:00,2026-08-21,20:00,2026-08-21T19:50:03+02:00,2026-08-21T18:50:03+02:00,2026-08-21T19:50:03+02:00,14809,1571,33,0.106084,0.021006,auto headless Playwright
2026-08-21T21:00:00+02:00,2026-08-21,21:00,2026-08-21T20:50:03+02:00,2026-08-21T19:50:03+02:00,2026-08-21T20:50:03+02:00,14848,1571,33,0.105805,0.021006,auto headless Playwright
2026-08-21T22:00:00+02:00,2026-08-21,22:00,2026-08-21T21:50:04+02:00,2026-08-21T20:50:03+02:00,2026-08-21T21:50:04+02:00,14919,1577,33,0.105704,0.020926,auto headless Playwright
2026-08-21T23:00:00+02:00,2026-08-21,23:00,2026-08-21T22:50:04+02:00,2026-08-21T21:50:04+02:00,2026-08-21T22:50:04+02:00,14963,1583,33,0.105794,0.020846,auto headless Playwright
2026-08-22T00:00:00+02:00,2026-08-22,00:00,2026-08-21T23:50:05+02:00,2026-08-21T22:50:04+02:00,2026-08-21T23:50:05+02:00,14963,1583,33,0.105794,0.020846,auto headless Playwright
2026-08-22T01:00:00+02:00,2026-08-22,01:00,2026-08-22T00:50:02+02:00,2026-08-21T23:50:05+02:00,2026-08-22T00:50:02+02:00,14963,1583,33,0.105794,0.020846,auto headless Playwright
2026-08-22T02:00:00+02:00,2026-08-22,02:00,2026-08-22T01:50:05+02:00,2026-08-22T00:50:02+02:00,2026-08-22T01:50:05+02:00,14963,1583,33,0.105794,0.020846,auto headless Playwright
2026-08-22T03:00:00+02:00,2026-08-22,03:00,2026-08-22T02:50:04+02:00,2026-08-22T01:50:05+02:00,2026-08-22T02:50:04+02:00,14963,1583,33,0.105794,0.020846,auto headless Playwright
2026-08-22T04:00:00+02:00,2026-08-22,04:00,2026-08-22T03:50:04+02:00,2026-08-22T02:50:04+02:00,2026-08-22T03:50:04+02:00,14963,1583,33,0.105794,0.020846,auto headless Playwright
2026-08-22T05:00:00+02:00,2026-08-22,05:00,2026-08-22T04:50:02+02:00,2026-08-22T03:50:04+02:00,2026-08-22T04:50:02+02:00,14963,1583,33,0.105794,0.020846,auto headless Playwright
2026-08-22T06:00:00+02:00,2026-08-22,06:00,2026-08-22T05:50:05+02:00,2026-08-22T04:50:02+02:00,2026-08-22T05:50:05+02:00,15101,1587,33,0.105092,0.020794,auto headless Playwright
2026-08-22T07:00:00+02:00,2026-08-22,07:00,2026-08-22T06:50:05+02:00,2026-08-22T05:50:05+02:00,2026-08-22T06:50:05+02:00,15087,1587,33,0.10519,0.020794,auto headless Playwright
2026-08-22T08:00:00+02:00,2026-08-22,08:00,2026-08-22T07:50:03+02:00,2026-08-22T06:50:05+02:00,2026-08-22T07:50:03+02:00,15093,1587,33,0.105148,0.020794,auto headless Playwright
2026-08-22T09:00:00+02:00,2026-08-22,09:00,2026-08-22T08:50:04+02:00,2026-08-22T07:50:03+02:00,2026-08-22T08:50:04+02:00,15103,1589,33,0.105211,0.020768,auto headless Playwright
2026-08-22T10:00:00+02:00,2026-08-22,10:00,2026-08-22T09:50:05+02:00,2026-08-22T08:50:04+02:00,2026-08-22T09:50:05+02:00,15134,1590,33,0.105061,0.020755,auto headless Playwright
2026-08-22T11:00:00+02:00,2026-08-22,11:00,2026-08-22T10:50:00+02:00,2026-08-22T09:50:05+02:00,2026-08-22T10:50:00+02:00,15180,1591,33,0.104809,0.020742,auto headless Playwright
2026-08-22T12:00:00+02:00,2026-08-22,12:00,2026-08-22T11:50:04+02:00,2026-08-22T10:50:00+02:00,2026-08-22T11:50:04+02:00,15233,1593,33,0.104576,0.020716,auto headless Playwright
2026-08-22T13:00:00+02:00,2026-08-22,13:00,2026-08-22T12:50:05+02:00,2026-08-22T11:50:04+02:00,2026-08-22T12:50:05+02:00,15282,1595,33,0.104371,0.02069,auto headless Playwright
2026-08-22T14:00:00+02:00,2026-08-22,14:00,2026-08-22T13:50:04+02:00,2026-08-22T12:50:05+02:00,2026-08-22T13:50:04+02:00,15311,1598,33,0.104369,0.020651,auto headless Playwright
2026-08-22T15:00:00+02:00,2026-08-22,15:00,2026-08-22T14:50:03+02:00,2026-08-22T13:50:04+02:00,2026-08-22T14:50:03+02:00,15350,1600,33,0.104235,0.020625,auto headless Playwright
2026-08-22T16:00:00+02:00,2026-08-22,16:00,2026-08-22T15:50:02+02:00,2026-08-22T14:50:03+02:00,2026-08-22T15:50:02+02:00,15381,1600,33,0.104024,0.020625,auto headless Playwright
2026-08-22T17:00:00+02:00,2026-08-22,17:00,2026-08-22T16:50:04+02:00,2026-08-22T15:50:02+02:00,2026-08-22T16:50:04+02:00,15416,1601,33,0.103853,0.020612,auto headless Playwright
2026-08-22T18:00:00+02:00,2026-08-22,18:00,2026-08-22T17:50:04+02:00,2026-08-22T16:50:04+02:00,2026-08-22T17:50:04+02:00,15467,1606,33,0.103834,0.020548,auto headless Playwright
2026-08-22T19:00:00+02:00,2026-08-22,19:00,2026-08-22T18:50:03+02:00,2026-08-22T17:50:04+02:00,2026-08-22T18:50:03+02:00,15504,1607,33,0.103651,0.020535,auto headless Playwright
2026-08-22T20:00:00+02:00,2026-08-22,20:00,2026-08-22T19:50:04+02:00,2026-08-22T18:50:03+02:00,2026-08-22T19:50:04+02:00,15539,1610,33,0.10361,0.020497,auto headless Playwright
2026-08-22T21:00:00+02:00,2026-08-22,21:00,2026-08-22T20:50:05+02:00,2026-08-22T19:50:04+02:00,2026-08-22T20:50:05+02:00,15571,1611,33,0.103462,0.020484,auto headless Playwright
2026-08-22T22:00:00+02:00,2026-08-22,22:00,2026-08-22T21:50:05+02:00,2026-08-22T20:50:05+02:00,2026-08-22T21:50:05+02:00,15615,1612,33,0.103234,0.020471,auto headless Playwright
2026-08-22T23:00:00+02:00,2026-08-22,23:00,2026-08-22T22:50:04+02:00,2026-08-22T21:50:05+02:00,2026-08-22T22:50:04+02:00,15649,1620,33,0.103521,0.02037,auto headless Playwright
2026-08-23T00:00:00+02:00,2026-08-23,00:00,2026-08-22T23:50:04+02:00,2026-08-22T22:50:04+02:00,2026-08-22T23:50:04+02:00,15649,1620,33,0.103521,0.02037,auto headless Playwright
2026-08-23T01:00:00+02:00,2026-08-23,01:00,2026-08-23T00:50:03+02:00,2026-08-22T23:50:04+02:00,2026-08-23T00:50:03+02:00,15649,1620,33,0.103521,0.02037,auto headless Playwright
2026-08-23T02:00:00+02:00,2026-08-23,02:00,2026-08-23T01:50:04+02:00,2026-08-23T00:50:03+02:00,2026-08-23T01:50:04+02:00,15649,1620,33,0.103521,0.02037,auto headless Playwright
2026-08-23T03:00:00+02:00,2026-08-23,03:00,2026-08-23T02:50:02+02:00,2026-08-23T01:50:04+02:00,2026-08-23T02:50:02+02:00,15649,1620,33,0.103521,0.02037,auto headless Playwright
2026-08-23T04:00:00+02:00,2026-08-23,04:00,2026-08-23T03:50:05+02:00,2026-08-23T02:50:02+02:00,2026-08-23T03:50:05+02:00,15649,1620,33,0.103521,0.02037,auto headless Playwright
2026-08-23T05:00:00+02:00,2026-08-23,05:00,2026-08-23T04:50:04+02:00,2026-08-23T03:50:05+02:00,2026-08-23T04:50:04+02:00,15649,1620,33,0.103521,0.02037,auto headless Playwright
2026-08-23T06:00:00+02:00,2026-08-23,06:00,2026-08-23T05:50:05+02:00,2026-08-23T04:50:04+02:00,2026-08-23T05:50:05+02:00,15773,1625,33,0.103024,0.020308,auto headless Playwright
2026-08-23T07:00:00+02:00,2026-08-23,07:00,2026-08-23T06:50:04+02:00,2026-08-23T05:50:05+02:00,2026-08-23T06:50:04+02:00,15760,1623,33,0.102982,0.020333,auto headless Playwright
2026-08-23T08:00:00+02:00,2026-08-23,08:00,2026-08-23T07:50:05+02:00,2026-08-23T06:50:04+02:00,2026-08-23T07:50:05+02:00,15763,1624,33,0.103026,0.02032,auto headless Playwright
2026-08-23T09:00:00+02:00,2026-08-23,09:00,2026-08-23T08:50:05+02:00,2026-08-23T07:50:05+02:00,2026-08-23T08:50:05+02:00,15769,1624,33,0.102987,0.02032,auto headless Playwright
2026-08-23T10:00:00+02:00,2026-08-23,10:00,2026-08-23T09:50:02+02:00,2026-08-23T08:50:05+02:00,2026-08-23T09:50:02+02:00,15786,1625,33,0.102939,0.020308,auto headless Playwright
2026-08-23T11:00:00+02:00,2026-08-23,11:00,2026-08-23T10:50:02+02:00,2026-08-23T09:50:02+02:00,2026-08-23T10:50:02+02:00,15817,1625,33,0.102738,0.020308,auto headless Playwright
2026-08-23T12:00:00+02:00,2026-08-23,12:00,2026-08-23T11:50:04+02:00,2026-08-23T10:50:02+02:00,2026-08-23T11:50:04+02:00,15844,1625,33,0.102562,0.020308,auto headless Playwright
2026-08-23T13:00:00+02:00,2026-08-23,13:00,2026-08-23T12:50:03+02:00,2026-08-23T11:50:04+02:00,2026-08-23T12:50:03+02:00,15870,1626,33,0.102457,0.020295,auto headless Playwright
2026-08-23T14:00:00+02:00,2026-08-23,14:00,2026-08-23T13:50:05+02:00,2026-08-23T12:50:03+02:00,2026-08-23T13:50:05+02:00,15912,1626,33,0.102187,0.020295,auto headless Playwright
2026-08-23T15:00:00+02:00,2026-08-23,15:00,2026-08-23T14:50:00+02:00,2026-08-23T13:50:05+02:00,2026-08-23T14:50:00+02:00,15953,1626,33,0.101924,0.020295,auto headless Playwright
2026-08-23T16:00:00+02:00,2026-08-23,16:00,2026-08-23T15:50:01+02:00,2026-08-23T14:50:00+02:00,2026-08-23T15:50:01+02:00,15992,1629,33,0.101863,0.020258,auto headless Playwright
2026-08-23T17:00:00+02:00,2026-08-23,17:00,2026-08-23T16:50:05+02:00,2026-08-23T15:50:01+02:00,2026-08-23T16:50:05+02:00,16024,1635,33,0.102034,0.020183,auto headless Playwright
2026-08-23T18:00:00+02:00,2026-08-23,18:00,2026-08-23T17:50:02+02:00,2026-08-23T16:50:05+02:00,2026-08-23T17:50:02+02:00,16061,1636,33,0.101862,0.020171,auto headless Playwright
2026-08-23T19:00:00+02:00,2026-08-23,19:00,2026-08-23T18:50:05+02:00,2026-08-23T17:50:02+02:00,2026-08-23T18:50:05+02:00,16117,1639,33,0.101694,0.020134,auto headless Playwright
2026-08-23T20:00:00+02:00,2026-08-23,20:00,2026-08-23T19:50:03+02:00,2026-08-23T18:50:05+02:00,2026-08-23T19:50:03+02:00,16162,1642,33,0.101596,0.020097,auto headless Playwright
2026-08-23T21:00:00+02:00,2026-08-23,21:00,2026-08-23T20:50:05+02:00,2026-08-23T19:50:03+02:00,2026-08-23T20:50:05+02:00,16241,1643,33,0.101164,0.020085,auto headless Playwright
2026-08-23T22:00:00+02:00,2026-08-23,22:00,2026-08-23T21:50:03+02:00,2026-08-23T20:50:05+02:00,2026-08-23T21:50:03+02:00,16371,1646,33,0.100544,0.020049,auto headless Playwright
2026-08-23T23:00:00+02:00,2026-08-23,23:00,2026-08-23T22:50:04+02:00,2026-08-23T21:50:03+02:00,2026-08-23T22:50:04+02:00,16440,1648,33,0.100243,0.020024,auto headless Playwright
2026-08-24T00:00:00+02:00,2026-08-24,00:00,2026-08-23T23:50:04+02:00,2026-08-23T22:50:04+02:00,2026-08-23T23:50:04+02:00,16440,1648,33,0.100243,0.020024,auto headless Playwright
2026-08-24T01:00:00+02:00,2026-08-24,01:00,2026-08-24T00:50:02+02:00,2026-08-23T23:50:04+02:00,2026-08-24T00:50:02+02:00,16440,1648,33,0.100243,0.020024,auto headless Playwright
2026-08-24T02:00:00+02:00,2026-08-24,02:00,2026-08-24T01:50:03+02:00,2026-08-24T00:50:02+02:00,2026-08-24T01:50:03+02:00,16440,1648,33,0.100243,0.020024,auto headless Playwright
2026-08-24T03:00:00+02:00,2026-08-24,03:00,2026-08-24T02:50:04+02:00,2026-08-24T01:50:03+02:00,2026-08-24T02:50:04+02:00,16440,1648,33,0.100243,0.020024,auto headless Playwright
2026-08-24T04:00:00+02:00,2026-08-24,04:00,2026-08-24T03:50:04+02:00,2026-08-24T02:50:04+02:00,2026-08-24T03:50:04+02:00,16440,1648,33,0.100243,0.020024,auto headless Playwright
2026-08-24T05:00:00+02:00,2026-08-24,05:00,2026-08-24T04:50:02+02:00,2026-08-24T03:50:04+02:00,2026-08-24T04:50:02+02:00,16440,1648,33,0.100243,0.020024,auto headless Playwright
2026-08-24T06:00:00+02:00,2026-08-24,06:00,2026-08-24T05:50:04+02:00,2026-08-24T04:50:02+02:00,2026-08-24T05:50:04+02:00,16554,1657,33,0.100097,0.019916,auto headless Playwright
2026-08-24T07:00:00+02:00,2026-08-24,07:00,2026-08-24T06:50:00+02:00,2026-08-24T05:50:04+02:00,2026-08-24T06:50:00+02:00,16549,1657,33,0.100127,0.019916,auto headless Playwright
2026-08-24T08:00:00+02:00,2026-08-24,08:00,2026-08-24T07:50:04+02:00,2026-08-24T06:50:00+02:00,2026-08-24T07:50:04+02:00,16559,1659,33,0.100187,0.019892,auto headless Playwright
2026-08-24T09:00:00+02:00,2026-08-24,09:00,2026-08-24T08:50:01+02:00,2026-08-24T07:50:04+02:00,2026-08-24T08:50:01+02:00,16568,1660,33,0.100193,0.01988,auto headless Playwright
2026-08-24T10:00:00+02:00,2026-08-24,10:00,2026-08-24T09:50:05+02:00,2026-08-24T08:50:01+02:00,2026-08-24T09:50:05+02:00,16587,1664,33,0.10032,0.019832,auto headless Playwright
2026-08-24T11:00:00+02:00,2026-08-24,11:00,2026-08-24T10:50:03+02:00,2026-08-24T09:50:05+02:00,2026-08-24T10:50:03+02:00,16631,1667,33,0.100235,0.019796,auto headless Playwright
2026-08-24T12:00:00+02:00,2026-08-24,12:00,2026-08-24T11:50:03+02:00,2026-08-24T10:50:03+02:00,2026-08-24T11:50:03+02:00,16671,1669,33,0.100114,0.019772,auto headless Playwright
2026-08-24T13:00:00+02:00,2026-08-24,13:00,2026-08-24T12:50:05+02:00,2026-08-24T11:50:03+02:00,2026-08-24T12:50:05+02:00,16708,1673,33,0.100132,0.019725,auto headless Playwright
2026-08-24T14:00:00+02:00,2026-08-24,14:00,2026-08-24T13:50:05+02:00,2026-08-24T12:50:05+02:00,2026-08-24T13:50:05+02:00,16756,1675,33,0.099964,0.019701,auto headless Playwright
2026-08-24T15:00:00+02:00,2026-08-24,15:00,2026-08-24T14:50:03+02:00,2026-08-24T13:50:05+02:00,2026-08-24T14:50:03+02:00,16792,1676,33,0.099809,0.01969,auto headless Playwright
2026-08-24T16:00:00+02:00,2026-08-24,16:00,2026-08-24T15:50:02+02:00,2026-08-24T14:50:03+02:00,2026-08-24T15:50:02+02:00,16829,1678,33,0.099709,0.019666,auto headless Playwright
2026-08-24T17:00:00+02:00,2026-08-24,17:00,2026-08-24T16:50:03+02:00,2026-08-24T15:50:02+02:00,2026-08-24T16:50:03+02:00,16855,1680,33,0.099674,0.019643,auto headless Playwright
2026-08-24T18:00:00+02:00,2026-08-24,18:00,2026-08-24T17:50:04+02:00,2026-08-24T16:50:03+02:00,2026-08-24T17:50:04+02:00,16918,1685,33,0.099598,0.019585,auto headless Playwright
2026-08-24T19:00:00+02:00,2026-08-24,19:00,2026-08-24T18:50:05+02:00,2026-08-24T17:50:04+02:00,2026-08-24T18:50:05+02:00,16972,1689,33,0.099517,0.019538,auto headless Playwright
2026-08-24T20:00:00+02:00,2026-08-24,20:00,2026-08-24T19:50:02+02:00,2026-08-24T18:50:05+02:00,2026-08-24T19:50:02+02:00,17027,1690,33,0.099254,0.019527,auto headless Playwright
2026-08-24T21:00:00+02:00,2026-08-24,21:00,2026-08-24T20:50:03+02:00,2026-08-24T19:50:02+02:00,2026-08-24T20:50:03+02:00,17080,1693,33,0.099122,0.019492,auto headless Playwright
2026-08-24T22:00:00+02:00,2026-08-24,22:00,2026-08-24T21:50:03+02:00,2026-08-24T20:50:03+02:00,2026-08-24T21:50:03+02:00,17113,1695,33,0.099048,0.019469,auto headless Playwright
2026-08-24T23:00:00+02:00,2026-08-24,23:00,2026-08-24T22:50:05+02:00,2026-08-24T21:50:03+02:00,2026-08-24T22:50:05+02:00,17181,1699,33,0.098888,0.019423,auto headless Playwright
2026-08-25T00:00:00+02:00,2026-08-25,00:00,2026-08-24T23:50:01+02:00,2026-08-24T22:50:05+02:00,2026-08-24T23:50:01+02:00,17181,1699,33,0.098888,0.019423,auto headless Playwright
2026-08-25T01:00:00+02:00,2026-08-25,01:00,2026-08-25T00:50:04+02:00,2026-08-24T23:50:01+02:00,2026-08-25T00:50:04+02:00,17181,1699,33,0.098888,0.019423,auto headless Playwright
2026-08-25T02:00:00+02:00,2026-08-25,02:00,2026-08-25T01:50:03+02:00,2026-08-25T00:50:04+02:00,2026-08-25T01:50:03+02:00,17181,1699,33,0.098888,0.019423,auto headless Playwright
2026-08-25T03:00:00+02:00,2026-08-25,03:00,2026-08-25T02:50:02+02:00,2026-08-25T01:50:03+02:00,2026-08-25T02:50:02+02:00,17181,1699,33,0.098888,0.019423,auto headless Playwright
2026-08-25T04:00:00+02:00,2026-08-25,04:00,2026-08-25T03:50:01+02:00,2026-08-25T02:50:02+02:00,2026-08-25T03:50:01+02:00,17181,1699,33,0.098888,0.019423,auto headless Playwright
2026-08-25T05:00:00+02:00,2026-08-25,05:00,2026-08-25T04:50:04+02:00,2026-08-25T03:50:01+02:00,2026-08-25T04:50:04+02:00,17181,1699,33,0.098888,0.019423,auto headless Playwright
2026-08-25T06:00:00+02:00,2026-08-25,06:00,2026-08-25T05:50:03+02:00,2026-08-25T04:50:04+02:00,2026-08-25T05:50:03+02:00,17337,1707,33,0.09846,0.019332,auto headless Playwright
2026-08-25T07:00:00+02:00,2026-08-25,07:00,2026-08-25T06:50:03+02:00,2026-08-25T05:50:03+02:00,2026-08-25T06:50:03+02:00,17330,1707,33,0.0985,0.019332,auto headless Playwright
2026-08-25T08:00:00+02:00,2026-08-25,08:00,2026-08-25T07:50:02+02:00,2026-08-25T06:50:03+02:00,2026-08-25T07:50:02+02:00,17338,1708,33,0.098512,0.019321,auto headless Playwright
2026-08-25T09:00:00+02:00,2026-08-25,09:00,2026-08-25T08:50:02+02:00,2026-08-25T07:50:02+02:00,2026-08-25T08:50:02+02:00,17356,1708,33,0.09841,0.019321,auto headless Playwright
2026-08-25T10:00:00+02:00,2026-08-25,10:00,2026-08-25T09:50:05+02:00,2026-08-25T08:50:02+02:00,2026-08-25T09:50:05+02:00,17379,1709,33,0.098337,0.01931,auto headless Playwright
2026-08-25T11:00:00+02:00,2026-08-25,11:00,2026-08-25T10:50:02+02:00,2026-08-25T09:50:05+02:00,2026-08-25T10:50:02+02:00,17407,1709,33,0.098179,0.01931,auto headless Playwright
2026-08-25T12:00:00+02:00,2026-08-25,12:00,2026-08-25T11:50:03+02:00,2026-08-25T10:50:02+02:00,2026-08-25T11:50:03+02:00,17441,1710,33,0.098045,0.019298,auto headless Playwright
2026-08-25T13:00:00+02:00,2026-08-25,13:00,2026-08-25T12:50:03+02:00,2026-08-25T11:50:03+02:00,2026-08-25T12:50:03+02:00,17470,1711,33,0.097939,0.019287,auto headless Playwright
2026-08-25T14:00:00+02:00,2026-08-25,14:00,2026-08-25T13:50:04+02:00,2026-08-25T12:50:03+02:00,2026-08-25T13:50:04+02:00,17519,1712,33,0.097722,0.019276,auto headless Playwright
2026-08-25T15:00:00+02:00,2026-08-25,15:00,2026-08-25T14:50:04+02:00,2026-08-25T13:50:04+02:00,2026-08-25T14:50:04+02:00,17576,1713,33,0.097462,0.019264,auto headless Playwright
2026-08-25T16:00:00+02:00,2026-08-25,16:00,2026-08-25T15:50:03+02:00,2026-08-25T14:50:04+02:00,2026-08-25T15:50:03+02:00,17606,1714,33,0.097353,0.019253,auto headless Playwright
2026-08-25T17:00:00+02:00,2026-08-25,17:00,2026-08-25T16:50:03+02:00,2026-08-25T15:50:03+02:00,2026-08-25T16:50:03+02:00,17650,1715,33,0.097167,0.019242,auto headless Playwright
2026-08-25T18:00:00+02:00,2026-08-25,18:00,2026-08-25T17:50:02+02:00,2026-08-25T16:50:03+02:00,2026-08-25T17:50:02+02:00,17689,1715,33,0.096953,0.019242,auto headless Playwright
2026-08-25T19:00:00+02:00,2026-08-25,19:00,2026-08-25T18:50:00+02:00,2026-08-25T17:50:02+02:00,2026-08-25T18:50:00+02:00,17726,1717,33,0.096863,0.01922,interpolated history
2026-08-25T20:00:00+02:00,2026-08-25,20:00,2026-08-25T19:50:00+02:00,2026-08-25T18:50:00+02:00,2026-08-25T19:50:00+02:00,17762,1718,33,0.096723,0.019208,interpolated history
2026-08-25T21:00:00+02:00,2026-08-25,21:00,2026-08-25T20:50:00+02:00,2026-08-25T19:50:00+02:00,2026-08-25T20:50:00+02:00,17806,1719,33,0.09654,0.019197,interpolated history
2026-08-25T22:00:00+02:00,2026-08-25,22:00,2026-08-25T21:50:00+02:00,2026-08-25T20:50:00+02:00,2026-08-25T21:50:00+02:00,17861,1721,33,0.096355,0.019175,interpolated history
2026-08-25T23:00:00+02:00,2026-08-25,23:00,2026-08-25T22:50:00+02:00,2026-08-25T21:50:00+02:00,2026-08-25T22:50:00+02:00,17920,1725,33,0.096261,0.01913,interpolated history
2026-08-26T00:00:00+02:00,2026-08-26,00:00,2026-08-25T23:50:00+02:00,2026-08-25T22:50:00+02:00,2026-08-25T23:50:00+02:00,17920,1725,33,0.096261,0.01913,interpolated history
2026-08-26T01:00:00+02:00,2026-08-26,01:00,2026-08-26T00:50:00+02:00,2026-08-25T23:50:00+02:00,2026-08-26T00:50:00+02:00,17920,1725,33,0.096261,0.01913,interpolated history
2026-08-26T02:00:00+02:00,2026-08-26,02:00,2026-08-26T01:50:00+02:00,2026-08-26T00:50:00+02:00,2026-08-26T01:50:00+02:00,17920,1725,33,0.096261,0.01913,interpolated history
2026-08-26T03:00:00+02:00,2026-08-26,03:00,2026-08-26T02:50:00+02:00,2026-08-26T01:50:00+02:00,2026-08-26T02:50:00+02:00,17920,1725,33,0.096261,0.01913,interpolated history
2026-08-26T04:00:00+02:00,2026-08-26,04:00,2026-08-26T03:50:00+02:00,2026-08-26T02:50:00+02:00,2026-08-26T03:50:00+02:00,17920,1725,33,0.096261,0.01913,interpolated history
2026-08-26T05:00:00+02:00,2026-08-26,05:00,2026-08-26T04:50:00+02:00,2026-08-26T03:50:00+02:00,2026-08-26T04:50:00+02:00,17920,1725,33,0.096261,0.01913,interpolated history
2026-08-26T06:00:00+02:00,2026-08-26,06:00,2026-08-26T05:50:00+02:00,2026-08-26T04:50:00+02:00,2026-08-26T05:50:00+02:00,18070,1732,33,0.095849,0.019053,interpolated history
2026-08-26T07:00:00+02:00,2026-08-26,07:00,2026-08-26T06:50:00+02:00,2026-08-26T05:50:00+02:00,2026-08-26T06:50:00+02:00,18058,1732,33,0.095913,0.019053,interpolated history
2026-08-26T08:00:00+02:00,2026-08-26,08:00,2026-08-26T07:50:00+02:00,2026-08-26T06:50:00+02:00,2026-08-26T07:50:00+02:00,18066,1733,33,0.095926,0.019042,interpolated history
2026-08-26T09:00:00+02:00,2026-08-26,09:00,2026-08-26T09:44:28+02:00,2026-08-26T07:50:00+02:00,2026-08-26T09:44:28+02:00,18083,1734,33,0.095891,0.019031,auto Playwright Chrome
2026-08-26T10:00:00+02:00,2026-08-26,10:00,2026-08-26T09:50:02+02:00,2026-08-26T09:44:28+02:00,2026-08-26T09:50:02+02:00,18108,1734,33,0.095759,0.019031,auto Playwright Chrome
2026-08-26T11:00:00+02:00,2026-08-26,11:00,2026-08-26T10:50:04+02:00,2026-08-26T09:50:02+02:00,2026-08-26T10:50:04+02:00,18133,1734,33,0.095627,0.019031,auto Playwright Chrome
2026-08-26T12:00:00+02:00,2026-08-26,12:00,2026-08-26T11:50:04+02:00,2026-08-26T10:50:04+02:00,2026-08-26T11:50:04+02:00,18168,1735,33,0.095498,0.01902,auto Playwright Chrome
2026-08-26T13:00:00+02:00,2026-08-26,13:00,2026-08-26T12:50:05+02:00,2026-08-26T11:50:04+02:00,2026-08-26T12:50:05+02:00,18200,1740,33,0.095604,0.018966,auto Playwright Chrome
2026-08-26T14:00:00+02:00,2026-08-26,14:00,2026-08-26T13:50:05+02:00,2026-08-26T12:50:05+02:00,2026-08-26T13:50:05+02:00,18238,1742,33,0.095515,0.018944,auto Playwright Chrome
2026-08-26T15:00:00+02:00,2026-08-26,15:00,2026-08-26T14:50:04+02:00,2026-08-26T13:50:05+02:00,2026-08-26T14:50:04+02:00,18278,1743,33,0.095361,0.018933,auto Playwright Chrome
2026-08-26T16:00:00+02:00,2026-08-26,16:00,2026-08-26T15:50:04+02:00,2026-08-26T14:50:04+02:00,2026-08-26T15:50:04+02:00,18317,1744,33,0.095212,0.018922,auto Playwright Chrome
2026-08-26T17:00:00+02:00,2026-08-26,17:00,2026-08-26T16:50:04+02:00,2026-08-26T15:50:04+02:00,2026-08-26T16:50:04+02:00,18358,1744,33,0.094999,0.018922,auto Playwright Chrome
2026-08-26T18:00:00+02:00,2026-08-26,18:00,2026-08-26T17:50:02+02:00,2026-08-26T16:50:04+02:00,2026-08-26T17:50:02+02:00,18397,1747,33,0.094961,0.01889,auto Playwright Chrome
2026-08-26T19:00:00+02:00,2026-08-26,19:00,2026-08-26T18:50:05+02:00,2026-08-26T17:50:02+02:00,2026-08-26T18:50:05+02:00,18439,1748,33,0.094799,0.018879,auto Playwright Chrome
2026-08-26T20:00:00+02:00,2026-08-26,20:00,2026-08-26T19:50:05+02:00,2026-08-26T18:50:05+02:00,2026-08-26T19:50:05+02:00,18480,1750,33,0.094697,0.018857,auto Playwright Chrome
2026-08-26T21:00:00+02:00,2026-08-26,21:00,2026-08-26T20:50:02+02:00,2026-08-26T19:50:05+02:00,2026-08-26T20:50:02+02:00,18531,1752,33,0.094544,0.018836,auto Playwright Chrome
2026-08-26T22:00:00+02:00,2026-08-26,22:00,2026-08-26T21:50:00+02:00,2026-08-26T20:50:02+02:00,2026-08-26T21:50:00+02:00,18607,1755,33,0.094319,0.018803,auto Playwright Chrome
2026-08-26T23:00:00+02:00,2026-08-26,23:00,2026-08-26T22:50:05+02:00,2026-08-26T21:50:00+02:00,2026-08-26T22:50:05+02:00,18652,1758,33,0.094253,0.018771,auto Playwright Chrome
2026-08-27T00:00:00+02:00,2026-08-27,00:00,2026-08-26T23:50:04+02:00,2026-08-26T22:50:05+02:00,2026-08-26T23:50:04+02:00,18652,1758,33,0.094253,0.018771,auto Playwright Chrome
2026-08-27T01:00:00+02:00,2026-08-27,01:00,2026-08-27T00:50:05+02:00,2026-08-26T23:50:04+02:00,2026-08-27T00:50:05+02:00,18652,1758,33,0.094253,0.018771,auto Playwright Chrome
2026-08-27T02:00:00+02:00,2026-08-27,02:00,2026-08-27T01:50:03+02:00,2026-08-27T00:50:05+02:00,2026-08-27T01:50:03+02:00,18652,1758,33,0.094253,0.018771,auto Playwright Chrome
2026-08-27T03:00:00+02:00,2026-08-27,03:00,2026-08-27T02:50:01+02:00,2026-08-27T01:50:03+02:00,2026-08-27T02:50:01+02:00,18652,1758,33,0.094253,0.018771,auto Playwright Chrome
2026-08-27T04:00:00+02:00,2026-08-27,04:00,2026-08-27T03:50:01+02:00,2026-08-27T02:50:01+02:00,2026-08-27T03:50:01+02:00,18652,1758,33,0.094253,0.018771,auto Playwright Chrome
2026-08-27T05:00:00+02:00,2026-08-27,05:00,2026-08-27T04:50:04+02:00,2026-08-27T03:50:01+02:00,2026-08-27T04:50:04+02:00,18652,1758,33,0.094253,0.018771,auto Playwright Chrome
2026-08-27T06:00:00+02:00,2026-08-27,06:00,2026-08-27T05:50:03+02:00,2026-08-27T04:50:04+02:00,2026-08-27T05:50:03+02:00,18784,1768,34,0.094123,0.019231,auto Playwright Chrome
2026-08-27T07:00:00+02:00,2026-08-27,07:00,2026-08-27T06:50:01+02:00,2026-08-27T05:50:03+02:00,2026-08-27T06:50:01+02:00,18780,1768,34,0.094143,0.019231,auto Playwright Chrome
2026-08-27T08:00:00+02:00,2026-08-27,08:00,2026-08-27T07:50:01+02:00,2026-08-27T06:50:01+02:00,2026-08-27T07:50:01+02:00,18789,1768,34,0.094098,0.019231,auto Playwright Chrome
2026-08-27T09:00:00+02:00,2026-08-27,09:00,2026-08-27T08:50:02+02:00,2026-08-27T07:50:01+02:00,2026-08-27T08:50:02+02:00,18811,1769,34,0.094041,0.01922,auto Playwright Chrome
2026-08-27T10:00:00+02:00,2026-08-27,10:00,2026-08-27T09:50:04+02:00,2026-08-27T08:50:02+02:00,2026-08-27T09:50:04+02:00,18835,1770,34,0.093974,0.019209,auto Playwright Chrome
2026-08-27T11:00:00+02:00,2026-08-27,11:00,2026-08-27T10:50:04+02:00,2026-08-27T09:50:04+02:00,2026-08-27T10:50:04+02:00,18855,1772,34,0.09398,0.019187,auto Playwright Chrome
2026-08-27T12:00:00+02:00,2026-08-27,12:00,2026-08-27T11:50:03+02:00,2026-08-27T10:50:04+02:00,2026-08-27T11:50:03+02:00,18878,1773,34,0.093919,0.019177,auto Playwright Chrome
2026-08-27T13:00:00+02:00,2026-08-27,13:00,2026-08-27T12:50:04+02:00,2026-08-27T11:50:03+02:00,2026-08-27T12:50:04+02:00,18910,1774,34,0.093813,0.019166,auto Playwright Chrome
2026-08-27T14:00:00+02:00,2026-08-27,14:00,2026-08-27T13:50:05+02:00,2026-08-27T12:50:04+02:00,2026-08-27T13:50:05+02:00,18945,1775,34,0.093692,0.019155,auto Playwright Chrome
2026-08-27T15:00:00+02:00,2026-08-27,15:00,2026-08-27T14:50:05+02:00,2026-08-27T13:50:05+02:00,2026-08-27T14:50:05+02:00,18981,1777,34,0.09362,0.019133,auto Playwright Chrome
2026-08-27T16:00:00+02:00,2026-08-27,16:00,2026-08-27T15:50:02+02:00,2026-08-27T14:50:05+02:00,2026-08-27T15:50:02+02:00,19010,1778,34,0.09353,0.019123,auto Playwright Chrome
2026-08-27T17:00:00+02:00,2026-08-27,17:00,2026-08-27T16:50:05+02:00,2026-08-27T15:50:02+02:00,2026-08-27T16:50:05+02:00,19032,1778,34,0.093422,0.019123,auto Playwright Chrome
2026-08-27T18:00:00+02:00,2026-08-27,18:00,2026-08-27T17:50:04+02:00,2026-08-27T16:50:05+02:00,2026-08-27T17:50:04+02:00,19056,1780,34,0.093409,0.019101,auto Playwright Chrome
2026-08-27T19:00:00+02:00,2026-08-27,19:00,2026-08-27T18:50:05+02:00,2026-08-27T17:50:04+02:00,2026-08-27T18:50:05+02:00,19092,1781,34,0.093285,0.01909,auto Playwright Chrome
2026-08-27T20:00:00+02:00,2026-08-27,20:00,2026-08-27T19:50:01+02:00,2026-08-27T18:50:05+02:00,2026-08-27T19:50:01+02:00,19119,1782,34,0.093206,0.01908,auto Playwright Chrome
2026-08-27T21:00:00+02:00,2026-08-27,21:00,2026-08-27T20:50:03+02:00,2026-08-27T19:50:01+02:00,2026-08-27T20:50:03+02:00,19161,1782,34,0.093001,0.01908,auto Playwright Chrome
2026-08-27T22:00:00+02:00,2026-08-27,22:00,2026-08-27T21:50:03+02:00,2026-08-27T20:50:03+02:00,2026-08-27T21:50:03+02:00,19184,1784,34,0.092994,0.019058,auto Playwright Chrome
2026-08-27T23:00:00+02:00,2026-08-27,23:00,2026-08-27T22:50:04+02:00,2026-08-27T21:50:03+02:00,2026-08-27T22:50:04+02:00,19232,1788,34,0.09297,0.019016,auto Playwright Chrome
2026-08-28T00:00:00+02:00,2026-08-28,00:00,2026-08-27T23:50:05+02:00,2026-08-27T22:50:04+02:00,2026-08-27T23:50:05+02:00,19232,1788,34,0.09297,0.019016,auto Playwright Chrome
2026-08-28T01:00:00+02:00,2026-08-28,01:00,2026-08-28T00:50:05+02:00,2026-08-27T23:50:05+02:00,2026-08-28T00:50:05+02:00,19232,1788,34,0.09297,0.019016,auto Playwright Chrome
2026-08-28T02:00:00+02:00,2026-08-28,02:00,2026-08-28T01:50:03+02:00,2026-08-28T00:50:05+02:00,2026-08-28T01:50:03+02:00,19232,1788,34,0.09297,0.019016,auto Playwright Chrome
2026-08-28T03:00:00+02:00,2026-08-28,03:00,2026-08-28T02:50:03+02:00,2026-08-28T01:50:03+02:00,2026-08-28T02:50:03+02:00,19232,1788,34,0.09297,0.019016,auto Playwright Chrome
2026-08-28T04:00:00+02:00,2026-08-28,04:00,2026-08-28T03:50:04+02:00,2026-08-28T02:50:03+02:00,2026-08-28T03:50:04+02:00,19232,1788,34,0.09297,0.019016,auto Playwright Chrome
2026-08-28T05:00:00+02:00,2026-08-28,05:00,2026-08-28T04:50:05+02:00,2026-08-28T03:50:04+02:00,2026-08-28T04:50:05+02:00,19232,1788,34,0.09297,0.019016,auto Playwright Chrome
2026-08-28T06:00:00+02:00,2026-08-28,06:00,2026-08-28T05:50:04+02:00,2026-08-28T04:50:05+02:00,2026-08-28T05:50:04+02:00,19396,1797,34,0.092648,0.01892,auto Playwright Chrome
2026-08-28T07:00:00+02:00,2026-08-28,07:00,2026-08-28T06:50:03+02:00,2026-08-28T05:50:04+02:00,2026-08-28T06:50:03+02:00,19385,1796,34,0.092649,0.018931,auto Playwright Chrome
2026-08-28T08:00:00+02:00,2026-08-28,08:00,2026-08-28T07:50:03+02:00,2026-08-28T06:50:03+02:00,2026-08-28T07:50:03+02:00,19393,1797,34,0.092662,0.01892,auto Playwright Chrome
2026-08-28T09:00:00+02:00,2026-08-28,09:00,2026-08-28T08:50:01+02:00,2026-08-28T07:50:03+02:00,2026-08-28T08:50:01+02:00,19404,1798,34,0.092661,0.01891,auto Playwright Chrome
2026-08-28T10:00:00+02:00,2026-08-28,10:00,2026-08-28T09:50:02+02:00,2026-08-28T08:50:01+02:00,2026-08-28T09:50:02+02:00,19427,1798,34,0.092552,0.01891,auto Playwright Chrome
2026-08-28T11:00:00+02:00,2026-08-28,11:00,2026-08-28T10:50:04+02:00,2026-08-28T09:50:02+02:00,2026-08-28T10:50:04+02:00,19455,1800,34,0.092521,0.018889,auto Playwright Chrome
2026-08-28T12:00:00+02:00,2026-08-28,12:00,2026-08-28T11:50:04+02:00,2026-08-28T10:50:04+02:00,2026-08-28T11:50:04+02:00,19488,1801,34,0.092416,0.018878,auto Playwright Chrome
2026-08-28T13:00:00+02:00,2026-08-28,13:00,2026-08-28T12:50:03+02:00,2026-08-28T11:50:04+02:00,2026-08-28T12:50:03+02:00,19522,1803,34,0.092357,0.018857,auto Playwright Chrome
2026-08-28T14:00:00+02:00,2026-08-28,14:00,2026-08-28T13:50:01+02:00,2026-08-28T12:50:03+02:00,2026-08-28T13:50:01+02:00,19561,1804,34,0.092224,0.018847,auto Playwright Chrome
2026-08-28T15:00:00+02:00,2026-08-28,15:00,2026-08-28T14:50:05+02:00,2026-08-28T13:50:01+02:00,2026-08-28T14:50:05+02:00,19587,1804,34,0.092102,0.018847,auto Playwright Chrome
2026-08-28T16:00:00+02:00,2026-08-28,16:00,2026-08-28T15:50:04+02:00,2026-08-28T14:50:05+02:00,2026-08-28T15:50:04+02:00,19611,1804,34,0.091989,0.018847,auto Playwright Chrome
2026-08-28T17:00:00+02:00,2026-08-28,17:00,2026-08-28T16:50:04+02:00,2026-08-28T15:50:04+02:00,2026-08-28T16:50:04+02:00,19656,1807,34,0.091931,0.018816,auto Playwright Chrome
2026-08-28T18:00:00+02:00,2026-08-28,18:00,2026-08-28T17:50:03+02:00,2026-08-28T16:50:04+02:00,2026-08-28T17:50:03+02:00,19698,1809,34,0.091837,0.018795,auto Playwright Chrome
2026-08-28T19:00:00+02:00,2026-08-28,19:00,2026-08-28T18:50:05+02:00,2026-08-28T17:50:03+02:00,2026-08-28T18:50:05+02:00,19749,1811,34,0.091701,0.018774,auto Playwright Chrome
2026-08-28T20:00:00+02:00,2026-08-28,20:00,2026-08-28T19:50:02+02:00,2026-08-28T18:50:05+02:00,2026-08-28T19:50:02+02:00,19788,1815,34,0.091722,0.018733,auto Playwright Chrome
2026-08-28T21:00:00+02:00,2026-08-28,21:00,2026-08-28T20:50:05+02:00,2026-08-28T19:50:02+02:00,2026-08-28T20:50:05+02:00,19828,1815,34,0.091537,0.018733,auto Playwright Chrome
2026-08-28T22:00:00+02:00,2026-08-28,22:00,2026-08-28T21:50:04+02:00,2026-08-28T20:50:05+02:00,2026-08-28T21:50:04+02:00,19867,1815,34,0.091358,0.018733,auto Playwright Chrome
2026-08-28T23:00:00+02:00,2026-08-28,23:00,2026-08-28T22:50:01+02:00,2026-08-28T21:50:04+02:00,2026-08-28T22:50:01+02:00,19912,1815,34,0.091151,0.018733,auto Playwright Chrome
2026-08-29T00:00:00+02:00,2026-08-29,00:00,2026-08-28T23:50:03+02:00,2026-08-28T22:50:01+02:00,2026-08-28T23:50:03+02:00,19912,1815,34,0.091151,0.018733,auto Playwright Chrome
2026-08-29T01:00:00+02:00,2026-08-29,01:00,2026-08-29T00:50:04+02:00,2026-08-28T23:50:03+02:00,2026-08-29T00:50:04+02:00,19912,1815,34,0.091151,0.018733,auto Playwright Chrome
2026-08-29T02:00:00+02:00,2026-08-29,02:00,2026-08-29T01:50:04+02:00,2026-08-29T00:50:04+02:00,2026-08-29T01:50:04+02:00,19912,1815,34,0.091151,0.018733,auto Playwright Chrome
2026-08-29T03:00:00+02:00,2026-08-29,03:00,2026-08-29T02:50:05+02:00,2026-08-29T01:50:04+02:00,2026-08-29T02:50:05+02:00,19912,1815,34,0.091151,0.018733,auto Playwright Chrome
2026-08-29T04:00:00+02:00,2026-08-29,04:00,2026-08-29T03:50:00+02:00,2026-08-29T02:50:05+02:00,2026-08-29T03:50:00+02:00,19912,1815,34,0.091151,0.018733,auto Playwright Chrome
2026-08-29T05:00:00+02:00,2026-08-29,05:00,2026-08-29T04:50:01+02:00,2026-08-29T03:50:00+02:00,2026-08-29T04:50:01+02:00,19912,1815,34,0.091151,0.018733,auto Playwright Chrome
2026-08-29T06:00:00+02:00,2026-08-29,06:00,2026-08-29T05:50:03+02:00,2026-08-29T04:50:01+02:00,2026-08-29T05:50:03+02:00,20029,1817,33,0.090718,0.018162,auto Playwright Chrome
2026-08-29T07:00:00+02:00,2026-08-29,07:00,2026-08-29T06:50:04+02:00,2026-08-29T05:50:03+02:00,2026-08-29T06:50:04+02:00,20020,1817,33,0.090759,0.018162,auto Playwright Chrome
2026-08-29T08:00:00+02:00,2026-08-29,08:00,2026-08-29T07:50:03+02:00,2026-08-29T06:50:04+02:00,2026-08-29T07:50:03+02:00,20027,1817,33,0.090728,0.018162,auto Playwright Chrome
2026-08-29T09:00:00+02:00,2026-08-29,09:00,2026-08-29T08:50:01+02:00,2026-08-29T07:50:03+02:00,2026-08-29T08:50:01+02:00,20043,1817,33,0.090655,0.018162,auto Playwright Chrome
2026-08-29T10:00:00+02:00,2026-08-29,10:00,2026-08-29T09:50:02+02:00,2026-08-29T08:50:01+02:00,2026-08-29T09:50:02+02:00,20075,1819,33,0.09061,0.018142,auto Playwright Chrome
2026-08-29T11:00:00+02:00,2026-08-29,11:00,2026-08-29T10:50:03+02:00,2026-08-29T09:50:02+02:00,2026-08-29T10:50:03+02:00,20108,1819,33,0.090462,0.018142,auto Playwright Chrome
2026-08-29T12:00:00+02:00,2026-08-29,12:00,2026-08-29T11:50:00+02:00,2026-08-29T10:50:03+02:00,2026-08-29T11:50:00+02:00,20136,1822,33,0.090485,0.018112,auto Playwright Chrome
2026-08-29T13:00:00+02:00,2026-08-29,13:00,2026-08-29T12:50:03+02:00,2026-08-29T11:50:00+02:00,2026-08-29T12:50:03+02:00,20176,1824,33,0.090404,0.018092,auto Playwright Chrome
2026-08-29T14:00:00+02:00,2026-08-29,14:00,2026-08-29T13:50:00+02:00,2026-08-29T12:50:03+02:00,2026-08-29T13:50:00+02:00,20212,1825,33,0.090293,0.018082,auto Playwright Chrome
2026-08-29T15:00:00+02:00,2026-08-29,15:00,2026-08-29T14:50:01+02:00,2026-08-29T13:50:00+02:00,2026-08-29T14:50:01+02:00,20248,1825,33,0.090132,0.018082,auto Playwright Chrome
2026-08-29T16:00:00+02:00,2026-08-29,16:00,2026-08-29T15:50:05+02:00,2026-08-29T14:50:01+02:00,2026-08-29T15:50:05+02:00,20270,1826,33,0.090084,0.018072,auto Playwright Chrome
2026-08-29T17:00:00+02:00,2026-08-29,17:00,2026-08-29T16:50:03+02:00,2026-08-29T15:50:05+02:00,2026-08-29T16:50:03+02:00,20294,1827,33,0.090027,0.018062,auto Playwright Chrome
2026-08-29T18:00:00+02:00,2026-08-29,18:00,2026-08-29T17:50:04+02:00,2026-08-29T16:50:03+02:00,2026-08-29T17:50:04+02:00,20327,1827,33,0.08988,0.018062,auto Playwright Chrome
2026-08-29T19:00:00+02:00,2026-08-29,19:00,2026-08-29T18:50:04+02:00,2026-08-29T17:50:04+02:00,2026-08-29T18:50:04+02:00,20367,1828,33,0.089753,0.018053,auto Playwright Chrome
2026-08-29T20:00:00+02:00,2026-08-29,20:00,2026-08-29T19:50:04+02:00,2026-08-29T18:50:04+02:00,2026-08-29T19:50:04+02:00,20401,1829,33,0.089652,0.018043,auto Playwright Chrome
2026-08-29T21:00:00+02:00,2026-08-29,21:00,2026-08-29T20:50:03+02:00,2026-08-29T19:50:04+02:00,2026-08-29T20:50:03+02:00,20434,1831,33,0.089606,0.018023,auto Playwright Chrome
2026-08-29T22:00:00+02:00,2026-08-29,22:00,2026-08-29T21:50:03+02:00,2026-08-29T20:50:03+02:00,2026-08-29T21:50:03+02:00,20464,1832,33,0.089523,0.018013,auto Playwright Chrome
2026-08-29T23:00:00+02:00,2026-08-29,23:00,2026-08-29T22:50:05+02:00,2026-08-29T21:50:03+02:00,2026-08-29T22:50:05+02:00,20487,1833,33,0.089471,0.018003,auto Playwright Chrome
2026-08-30T00:00:00+02:00,2026-08-30,00:00,2026-08-29T23:50:02+02:00,2026-08-29T22:50:05+02:00,2026-08-29T23:50:02+02:00,20487,1833,33,0.089471,0.018003,auto Playwright Chrome
2026-08-30T01:00:00+02:00,2026-08-30,01:00,2026-08-30T00:50:05+02:00,2026-08-29T23:50:02+02:00,2026-08-30T00:50:05+02:00,20487,1833,33,0.089471,0.018003,auto Playwright Chrome
2026-08-30T02:00:00+02:00,2026-08-30,02:00,2026-08-30T01:50:04+02:00,2026-08-30T00:50:05+02:00,2026-08-30T01:50:04+02:00,20487,1833,33,0.089471,0.018003,auto Playwright Chrome
2026-08-30T03:00:00+02:00,2026-08-30,03:00,2026-08-30T02:50:05+02:00,2026-08-30T01:50:04+02:00,2026-08-30T02:50:05+02:00,20487,1833,33,0.089471,0.018003,auto Playwright Chrome
2026-08-30T04:00:00+02:00,2026-08-30,04:00,2026-08-30T03:50:05+02:00,2026-08-30T02:50:05+02:00,2026-08-30T03:50:05+02:00,20487,1833,33,0.089471,0.018003,auto Playwright Chrome
2026-08-30T05:00:00+02:00,2026-08-30,05:00,2026-08-30T04:50:03+02:00,2026-08-30T03:50:05+02:00,2026-08-30T04:50:03+02:00,20487,1833,33,0.089471,0.018003,auto Playwright Chrome
2026-08-30T06:00:00+02:00,2026-08-30,06:00,2026-08-30T05:50:03+02:00,2026-08-30T04:50:03+02:00,2026-08-30T05:50:03+02:00,20643,1838,33,0.089037,0.017954,auto Playwright Chrome
2026-08-30T07:00:00+02:00,2026-08-30,07:00,2026-08-30T06:50:04+02:00,2026-08-30T05:50:03+02:00,2026-08-30T06:50:04+02:00,20632,1837,33,0.089036,0.017964,auto Playwright Chrome
2026-08-30T08:00:00+02:00,2026-08-30,08:00,2026-08-30T07:50:03+02:00,2026-08-30T06:50:04+02:00,2026-08-30T07:50:03+02:00,20638,1837,33,0.089011,0.017964,auto Playwright Chrome
2026-08-30T09:00:00+02:00,2026-08-30,09:00,2026-08-30T08:50:03+02:00,2026-08-30T07:50:03+02:00,2026-08-30T08:50:03+02:00,20646,1838,33,0.089025,0.017954,auto Playwright Chrome
2026-08-30T10:00:00+02:00,2026-08-30,10:00,2026-08-30T09:50:04+02:00,2026-08-30T08:50:03+02:00,2026-08-30T09:50:04+02:00,20667,1838,33,0.088934,0.017954,auto Playwright Chrome
2026-08-30T11:00:00+02:00,2026-08-30,11:00,2026-08-30T10:50:01+02:00,2026-08-30T09:50:04+02:00,2026-08-30T10:50:01+02:00,20696,1842,33,0.089003,0.017915,auto Playwright Chrome
2026-08-30T12:00:00+02:00,2026-08-30,12:00,2026-08-30T11:50:04+02:00,2026-08-30T10:50:01+02:00,2026-08-30T11:50:04+02:00,20738,1842,33,0.088822,0.017915,auto Playwright Chrome
2026-08-30T13:00:00+02:00,2026-08-30,13:00,2026-08-30T12:50:02+02:00,2026-08-30T11:50:04+02:00,2026-08-30T12:50:02+02:00,20763,1843,33,0.088764,0.017906,auto Playwright Chrome
2026-08-30T14:00:00+02:00,2026-08-30,14:00,2026-08-30T13:50:03+02:00,2026-08-30T12:50:02+02:00,2026-08-30T13:50:03+02:00,20798,1844,33,0.088662,0.017896,auto Playwright Chrome
2026-08-30T15:00:00+02:00,2026-08-30,15:00,2026-08-30T14:50:03+02:00,2026-08-30T13:50:03+02:00,2026-08-30T14:50:03+02:00,20832,1844,33,0.088518,0.017896,auto Playwright Chrome
2026-08-30T16:00:00+02:00,2026-08-30,16:00,2026-08-30T15:50:02+02:00,2026-08-30T14:50:03+02:00,2026-08-30T15:50:02+02:00,20860,1846,33,0.088495,0.017876,auto Playwright Chrome
2026-08-30T17:00:00+02:00,2026-08-30,17:00,2026-08-30T16:50:03+02:00,2026-08-30T15:50:02+02:00,2026-08-30T16:50:03+02:00,20900,1850,33,0.088517,0.017838,auto Playwright Chrome
2026-08-30T18:00:00+02:00,2026-08-30,18:00,2026-08-30T17:50:02+02:00,2026-08-30T16:50:03+02:00,2026-08-30T17:50:02+02:00,20960,1850,33,0.088263,0.017838,auto Playwright Chrome
2026-08-30T19:00:00+02:00,2026-08-30,19:00,2026-08-30T18:50:03+02:00,2026-08-30T17:50:02+02:00,2026-08-30T18:50:03+02:00,20993,1851,33,0.088172,0.017828,auto Playwright Chrome
2026-08-30T20:00:00+02:00,2026-08-30,20:00,2026-08-30T19:50:04+02:00,2026-08-30T18:50:03+02:00,2026-08-30T19:50:04+02:00,21031,1853,33,0.088108,0.017809,auto Playwright Chrome
2026-08-30T21:00:00+02:00,2026-08-30,21:00,2026-08-30T20:50:00+02:00,2026-08-30T19:50:04+02:00,2026-08-30T20:50:00+02:00,21074,1853,33,0.087928,0.017809,auto Playwright Chrome
2026-08-30T22:00:00+02:00,2026-08-30,22:00,2026-08-30T21:50:04+02:00,2026-08-30T20:50:00+02:00,2026-08-30T21:50:04+02:00,21119,1855,33,0.087836,0.01779,auto Playwright Chrome
2026-08-30T23:00:00+02:00,2026-08-30,23:00,2026-08-30T22:50:01+02:00,2026-08-30T21:50:04+02:00,2026-08-30T22:50:01+02:00,21165,1858,33,0.087786,0.017761,auto Playwright Chrome
2026-08-31T00:00:00+02:00,2026-08-31,00:00,2026-08-30T23:50:05+02:00,2026-08-30T22:50:01+02:00,2026-08-30T23:50:05+02:00,21165,1858,33,0.087786,0.017761,auto Playwright Chrome
2026-08-31T01:00:00+02:00,2026-08-31,01:00,2026-08-31T00:50:00+02:00,2026-08-30T23:50:05+02:00,2026-08-31T00:50:00+02:00,21165,1858,33,0.087786,0.017761,auto Playwright Chrome
2026-08-31T02:00:00+02:00,2026-08-31,02:00,2026-08-31T01:50:03+02:00,2026-08-31T00:50:00+02:00,2026-08-31T01:50:03+02:00,21165,1858,33,0.087786,0.017761,auto Playwright Chrome
2026-08-31T03:00:00+02:00,2026-08-31,03:00,2026-08-31T02:50:01+02:00,2026-08-31T01:50:03+02:00,2026-08-31T02:50:01+02:00,21165,1858,33,0.087786,0.017761,auto Playwright Chrome
2026-08-31T04:00:00+02:00,2026-08-31,04:00,2026-08-31T03:50:05+02:00,2026-08-31T02:50:01+02:00,2026-08-31T03:50:05+02:00,21165,1858,33,0.087786,0.017761,auto Playwright Chrome
2026-08-31T05:00:00+02:00,2026-08-31,05:00,2026-08-31T04:50:04+02:00,2026-08-31T03:50:05+02:00,2026-08-31T04:50:04+02:00,21165,1858,33,0.087786,0.017761,auto Playwright Chrome
2026-08-31T06:00:00+02:00,2026-08-31,06:00,2026-08-31T05:50:04+02:00,2026-08-31T04:50:04+02:00,2026-08-31T05:50:04+02:00,21322,1867,33,0.087562,0.017675,auto Playwright Chrome
2026-08-31T07:00:00+02:00,2026-08-31,07:00,2026-08-31T06:50:05+02:00,2026-08-31T05:50:04+02:00,2026-08-31T06:50:05+02:00,21308,1866,33,0.087573,0.017685,auto Playwright Chrome
2026-08-31T08:00:00+02:00,2026-08-31,08:00,2026-08-31T07:50:03+02:00,2026-08-31T06:50:05+02:00,2026-08-31T07:50:03+02:00,21309,1866,33,0.087569,0.017685,auto Playwright Chrome
2026-08-31T09:00:00+02:00,2026-08-31,09:00,2026-08-31T08:50:02+02:00,2026-08-31T07:50:03+02:00,2026-08-31T08:50:02+02:00,21318,1869,33,0.087672,0.017657,auto Playwright Chrome
2026-08-31T10:00:00+02:00,2026-08-31,10:00,2026-08-31T09:50:03+02:00,2026-08-31T08:50:02+02:00,2026-08-31T09:50:03+02:00,21337,1869,33,0.087594,0.017657,auto Playwright Chrome
2026-08-31T11:00:00+02:00,2026-08-31,11:00,2026-08-31T10:50:02+02:00,2026-08-31T09:50:03+02:00,2026-08-31T10:50:02+02:00,21365,1869,33,0.08748,0.017657,auto Playwright Chrome
2026-08-31T12:00:00+02:00,2026-08-31,12:00,2026-08-31T11:50:04+02:00,2026-08-31T10:50:02+02:00,2026-08-31T11:50:04+02:00,21400,1869,33,0.087336,0.017657,auto Playwright Chrome
2026-08-31T13:00:00+02:00,2026-08-31,13:00,2026-08-31T12:50:03+02:00,2026-08-31T11:50:04+02:00,2026-08-31T12:50:03+02:00,21436,1869,33,0.08719,0.017657,auto Playwright Chrome
2026-08-31T14:00:00+02:00,2026-08-31,14:00,2026-08-31T13:50:03+02:00,2026-08-31T12:50:03+02:00,2026-08-31T13:50:03+02:00,21461,1870,33,0.087135,0.017647,auto Playwright Chrome
2026-08-31T15:00:00+02:00,2026-08-31,15:00,2026-08-31T14:50:05+02:00,2026-08-31T13:50:03+02:00,2026-08-31T14:50:05+02:00,21509,1871,33,0.086987,0.017638,auto Playwright Chrome
2026-08-31T16:00:00+02:00,2026-08-31,16:00,2026-08-31T15:50:03+02:00,2026-08-31T14:50:05+02:00,2026-08-31T15:50:03+02:00,21565,1874,33,0.0869,0.017609,auto Playwright Chrome
2026-08-31T17:00:00+02:00,2026-08-31,17:00,2026-08-31T16:50:00+02:00,2026-08-31T15:50:03+02:00,2026-08-31T16:50:00+02:00,21621,1875,33,0.086721,0.0176,auto Playwright Chrome
2026-08-31T18:00:00+02:00,2026-08-31,18:00,2026-08-31T17:50:03+02:00,2026-08-31T16:50:00+02:00,2026-08-31T17:50:03+02:00,21672,1875,34,0.086517,0.018133,auto Playwright Chrome
2026-08-31T19:00:00+02:00,2026-08-31,19:00,2026-08-31T18:50:04+02:00,2026-08-31T17:50:03+02:00,2026-08-31T18:50:04+02:00,21704,1876,34,0.086436,0.018124,auto Playwright Chrome
2026-08-31T20:00:00+02:00,2026-08-31,20:00,2026-08-31T19:50:02+02:00,2026-08-31T18:50:04+02:00,2026-08-31T19:50:02+02:00,21741,1882,34,0.086565,0.018066,auto Playwright Chrome
2026-08-31T21:00:00+02:00,2026-08-31,21:00,2026-08-31T20:50:01+02:00,2026-08-31T19:50:02+02:00,2026-08-31T20:50:01+02:00,21788,1884,34,0.08647,0.018047,auto Playwright Chrome
2026-08-31T22:00:00+02:00,2026-08-31,22:00,2026-08-31T21:50:04+02:00,2026-08-31T20:50:01+02:00,2026-08-31T21:50:04+02:00,21850,1885,34,0.08627,0.018037,auto Playwright Chrome
2026-08-31T23:00:00+02:00,2026-08-31,23:00,2026-08-31T22:50:02+02:00,2026-08-31T21:50:04+02:00,2026-08-31T22:50:02+02:00,21877,1886,34,0.086209,0.018028,auto Playwright Chrome
2026-09-01T00:00:00+02:00,2026-09-01,00:00,2026-08-31T23:50:04+02:00,2026-08-31T22:50:02+02:00,2026-08-31T23:50:04+02:00,21877,1886,34,0.086209,0.018028,auto Playwright Chrome
2026-09-01T01:00:00+02:00,2026-09-01,01:00,2026-09-01T00:50:05+02:00,2026-08-31T23:50:04+02:00,2026-09-01T00:50:05+02:00,21877,1886,34,0.086209,0.018028,auto Playwright Chrome
2026-09-01T02:00:00+02:00,2026-09-01,02:00,2026-09-01T01:50:01+02:00,2026-09-01T00:50:05+02:00,2026-09-01T01:50:01+02:00,21877,1886,34,0.086209,0.018028,auto Playwright Chrome
2026-09-01T03:00:00+02:00,2026-09-01,03:00,2026-09-01T02:50:02+02:00,2026-09-01T01:50:01+02:00,2026-09-01T02:50:02+02:00,21877,1886,34,0.086209,0.018028,auto Playwright Chrome
2026-09-01T04:00:00+02:00,2026-09-01,04:00,2026-09-01T03:50:05+02:00,2026-09-01T02:50:02+02:00,2026-09-01T03:50:05+02:00,21877,1886,34,0.086209,0.018028,auto Playwright Chrome
2026-09-01T05:00:00+02:00,2026-09-01,05:00,2026-09-01T04:50:04+02:00,2026-09-01T03:50:05+02:00,2026-09-01T04:50:04+02:00,21877,1886,34,0.086209,0.018028,auto Playwright Chrome
2026-09-01T06:00:00+02:00,2026-09-01,06:00,2026-09-01T05:50:03+02:00,2026-09-01T04:50:04+02:00,2026-09-01T05:50:03+02:00,22036,1891,34,0.085814,0.01798,auto Playwright Chrome
2026-09-01T07:00:00+02:00,2026-09-01,07:00,2026-09-01T06:50:05+02:00,2026-09-01T05:50:03+02:00,2026-09-01T06:50:05+02:00,22036,1891,34,0.085814,0.01798,auto Playwright Chrome
2026-09-01T08:00:00+02:00,2026-09-01,08:00,2026-09-01T07:50:05+02:00,2026-09-01T06:50:05+02:00,2026-09-01T07:50:05+02:00,22045,1891,34,0.085779,0.01798,auto Playwright Chrome
2026-09-01T09:00:00+02:00,2026-09-01,09:00,2026-09-01T08:50:05+02:00,2026-09-01T07:50:05+02:00,2026-09-01T08:50:05+02:00,22066,1891,34,0.085697,0.01798,auto Playwright Chrome
2026-09-01T10:00:00+02:00,2026-09-01,10:00,2026-09-01T09:50:04+02:00,2026-09-01T08:50:05+02:00,2026-09-01T09:50:04+02:00,22091,1891,34,0.0856,0.01798,auto Playwright Chrome
2026-09-01T11:00:00+02:00,2026-09-01,11:00,2026-09-01T10:50:00+02:00,2026-09-01T09:50:04+02:00,2026-09-01T10:50:00+02:00,22134,1893,34,0.085525,0.017961,auto Playwright Chrome
2026-09-01T12:00:00+02:00,2026-09-01,12:00,2026-09-01T11:50:05+02:00,2026-09-01T10:50:00+02:00,2026-09-01T11:50:05+02:00,22160,1895,34,0.085514,0.017942,auto Playwright Chrome
2026-09-01T13:00:00+02:00,2026-09-01,13:00,2026-09-01T12:50:04+02:00,2026-09-01T11:50:05+02:00,2026-09-01T12:50:04+02:00,22183,1897,34,0.085516,0.017923,auto Playwright Chrome
2026-09-01T14:00:00+02:00,2026-09-01,14:00,2026-09-01T13:50:03+02:00,2026-09-01T12:50:04+02:00,2026-09-01T13:50:03+02:00,22227,1899,34,0.085437,0.017904,auto Playwright Chrome
2026-09-01T15:00:00+02:00,2026-09-01,15:00,2026-09-01T14:50:05+02:00,2026-09-01T13:50:03+02:00,2026-09-01T14:50:05+02:00,22259,1899,34,0.085314,0.017904,auto Playwright Chrome
2026-09-01T16:00:00+02:00,2026-09-01,16:00,2026-09-01T15:50:03+02:00,2026-09-01T14:50:05+02:00,2026-09-01T15:50:03+02:00,22288,1899,34,0.085203,0.017904,auto Playwright Chrome
2026-09-01T17:00:00+02:00,2026-09-01,17:00,2026-09-01T16:50:02+02:00,2026-09-01T15:50:03+02:00,2026-09-01T16:50:02+02:00,22320,1900,34,0.085125,0.017895,auto Playwright Chrome
2026-09-01T18:00:00+02:00,2026-09-01,18:00,2026-09-01T17:50:04+02:00,2026-09-01T16:50:02+02:00,2026-09-01T17:50:04+02:00,22355,1902,34,0.085082,0.017876,auto Playwright Chrome
2026-09-01T19:00:00+02:00,2026-09-01,19:00,2026-09-01T18:50:01+02:00,2026-09-01T17:50:04+02:00,2026-09-01T18:50:01+02:00,22391,1902,34,0.084945,0.017876,auto Playwright Chrome
2026-09-01T20:00:00+02:00,2026-09-01,20:00,2026-09-01T19:50:05+02:00,2026-09-01T18:50:01+02:00,2026-09-01T19:50:05+02:00,22445,1905,34,0.084874,0.017848,auto Playwright Chrome
2026-09-01T21:00:00+02:00,2026-09-01,21:00,2026-09-01T20:50:03+02:00,2026-09-01T19:50:05+02:00,2026-09-01T20:50:03+02:00,22486,1906,34,0.084764,0.017838,auto Playwright Chrome
2026-09-01T22:00:00+02:00,2026-09-01,22:00,2026-09-01T21:50:03+02:00,2026-09-01T20:50:03+02:00,2026-09-01T21:50:03+02:00,22542,1909,34,0.084686,0.01781,auto Playwright Chrome
2026-09-01T23:00:00+02:00,2026-09-01,23:00,2026-09-01T22:50:04+02:00,2026-09-01T21:50:03+02:00,2026-09-01T22:50:04+02:00,22592,1912,34,0.084632,0.017782,auto Playwright Chrome
2026-09-02T00:00:00+02:00,2026-09-02,00:00,2026-09-01T23:50:05+02:00,2026-09-01T22:50:04+02:00,2026-09-01T23:50:05+02:00,22592,1912,34,0.084632,0.017782,auto Playwright Chrome
2026-09-02T01:00:00+02:00,2026-09-02,01:00,2026-09-02T00:50:04+02:00,2026-09-01T23:50:05+02:00,2026-09-02T00:50:04+02:00,22592,1912,34,0.084632,0.017782,auto Playwright Chrome
2026-09-02T02:00:00+02:00,2026-09-02,02:00,2026-09-02T01:50:04+02:00,2026-09-02T00:50:04+02:00,2026-09-02T01:50:04+02:00,22592,1912,34,0.084632,0.017782,auto Playwright Chrome
2026-09-02T03:00:00+02:00,2026-09-02,03:00,2026-09-02T02:50:03+02:00,2026-09-02T01:50:04+02:00,2026-09-02T02:50:03+02:00,22592,1912,34,0.084632,0.017782,auto Playwright Chrome
2026-09-02T04:00:00+02:00,2026-09-02,04:00,2026-09-02T03:50:04+02:00,2026-09-02T02:50:03+02:00,2026-09-02T03:50:04+02:00,22592,1912,34,0.084632,0.017782,auto Playwright Chrome
2026-09-02T05:00:00+02:00,2026-09-02,05:00,2026-09-02T04:50:05+02:00,2026-09-02T03:50:04+02:00,2026-09-02T04:50:05+02:00,22592,1912,34,0.084632,0.017782,auto Playwright Chrome
2026-09-02T06:00:00+02:00,2026-09-02,06:00,2026-09-02T05:50:04+02:00,2026-09-02T04:50:05+02:00,2026-09-02T05:50:04+02:00,22719,1917,34,0.084379,0.017736,auto Playwright Chrome
2026-09-02T07:00:00+02:00,2026-09-02,07:00,2026-09-02T06:50:03+02:00,2026-09-02T05:50:04+02:00,2026-09-02T06:50:03+02:00,22721,1917,34,0.084371,0.017736,auto Playwright Chrome
2026-09-02T08:00:00+02:00,2026-09-02,08:00,2026-09-02T07:50:05+02:00,2026-09-02T06:50:03+02:00,2026-09-02T07:50:05+02:00,22726,1917,34,0.084353,0.017736,auto Playwright Chrome
2026-09-02T09:00:00+02:00,2026-09-02,09:00,2026-09-02T08:50:05+02:00,2026-09-02T07:50:05+02:00,2026-09-02T08:50:05+02:00,22742,1918,34,0.084337,0.017727,auto Playwright Chrome
2026-09-02T10:00:00+02:00,2026-09-02,10:00,2026-09-02T09:50:05+02:00,2026-09-02T08:50:05+02:00,2026-09-02T09:50:05+02:00,22762,1918,34,0.084263,0.017727,auto Playwright Chrome
2026-09-02T11:00:00+02:00,2026-09-02,11:00,2026-09-02T10:50:03+02:00,2026-09-02T09:50:05+02:00,2026-09-02T10:50:03+02:00,22789,1919,34,0.084207,0.017718,auto Playwright Chrome
2026-09-02T12:00:00+02:00,2026-09-02,12:00,2026-09-02T11:50:05+02:00,2026-09-02T10:50:03+02:00,2026-09-02T11:50:05+02:00,22806,1919,34,0.084145,0.017718,auto Playwright Chrome
2026-09-02T13:00:00+02:00,2026-09-02,13:00,2026-09-02T12:50:05+02:00,2026-09-02T11:50:05+02:00,2026-09-02T12:50:05+02:00,22834,1919,34,0.084041,0.017718,auto Playwright Chrome
2026-09-02T14:00:00+02:00,2026-09-02,14:00,2026-09-02T13:50:03+02:00,2026-09-02T12:50:05+02:00,2026-09-02T13:50:03+02:00,22857,1920,34,0.084001,0.017708,auto Playwright Chrome
2026-09-02T15:00:00+02:00,2026-09-02,15:00,2026-09-02T14:50:04+02:00,2026-09-02T13:50:03+02:00,2026-09-02T14:50:04+02:00,22875,1920,34,0.083934,0.017708,auto Playwright Chrome
2026-09-02T16:00:00+02:00,2026-09-02,16:00,2026-09-02T15:50:04+02:00,2026-09-02T14:50:04+02:00,2026-09-02T15:50:04+02:00,22909,1922,34,0.083897,0.01769,auto Playwright Chrome
2026-09-02T17:00:00+02:00,2026-09-02,17:00,2026-09-02T16:50:01+02:00,2026-09-02T15:50:04+02:00,2026-09-02T16:50:01+02:00,22946,1923,34,0.083805,0.017681,auto Playwright Chrome
2026-09-02T18:00:00+02:00,2026-09-02,18:00,2026-09-02T17:50:02+02:00,2026-09-02T16:50:01+02:00,2026-09-02T17:50:02+02:00,22981,1925,34,0.083765,0.017662,auto Playwright Chrome
2026-09-02T19:00:00+02:00,2026-09-02,19:00,2026-09-02T18:50:05+02:00,2026-09-02T17:50:02+02:00,2026-09-02T18:50:05+02:00,23010,1928,34,0.08379,0.017635,auto Playwright Chrome
2026-09-02T20:00:00+02:00,2026-09-02,20:00,2026-09-02T19:50:03+02:00,2026-09-02T18:50:05+02:00,2026-09-02T19:50:03+02:00,23053,1931,34,0.083764,0.017607,auto Playwright Chrome
2026-09-02T21:00:00+02:00,2026-09-02,21:00,2026-09-02T20:50:05+02:00,2026-09-02T19:50:03+02:00,2026-09-02T20:50:05+02:00,23087,1931,34,0.08364,0.017607,auto Playwright Chrome
2026-09-02T22:00:00+02:00,2026-09-02,22:00,2026-09-02T21:50:05+02:00,2026-09-02T20:50:05+02:00,2026-09-02T21:50:05+02:00,23115,1934,34,0.083669,0.01758,auto Playwright Chrome
2026-09-02T23:00:00+02:00,2026-09-02,23:00,2026-09-02T22:50:03+02:00,2026-09-02T21:50:05+02:00,2026-09-02T22:50:03+02:00,23149,1944,34,0.083978,0.01749,auto Playwright Chrome
2026-09-03T00:00:00+02:00,2026-09-03,00:00,2026-09-02T23:50:01+02:00,2026-09-02T22:50:03+02:00,2026-09-02T23:50:01+02:00,23149,1944,34,0.083978,0.01749,auto Playwright Chrome
2026-09-03T01:00:00+02:00,2026-09-03,01:00,2026-09-03T00:50:00+02:00,2026-09-02T23:50:01+02:00,2026-09-03T00:50:00+02:00,23149,1944,34,0.083978,0.01749,auto Playwright Chrome
2026-09-03T02:00:00+02:00,2026-09-03,02:00,2026-09-03T01:50:02+02:00,2026-09-03T00:50:00+02:00,2026-09-03T01:50:02+02:00,23149,1944,34,0.083978,0.01749,auto Playwright Chrome
2026-09-03T03:00:00+02:00,2026-09-03,03:00,2026-09-03T02:50:04+02:00,2026-09-03T01:50:02+02:00,2026-09-03T02:50:04+02:00,23149,1944,34,0.083978,0.01749,auto Playwright Chrome
2026-09-03T04:00:00+02:00,2026-09-03,04:00,2026-09-03T03:50:03+02:00,2026-09-03T02:50:04+02:00,2026-09-03T03:50:03+02:00,23149,1944,34,0.083978,0.01749,auto Playwright Chrome
2026-09-03T05:00:00+02:00,2026-09-03,05:00,2026-09-03T04:50:03+02:00,2026-09-03T03:50:03+02:00,2026-09-03T04:50:03+02:00,23149,1944,34,0.083978,0.01749,auto Playwright Chrome
2026-09-03T06:00:00+02:00,2026-09-03,06:00,2026-09-03T05:50:02+02:00,2026-09-03T04:50:03+02:00,2026-09-03T05:50:02+02:00,23260,1972,34,0.084781,0.017241,auto Playwright Chrome
2026-09-03T07:00:00+02:00,2026-09-03,07:00,2026-09-03T06:50:04+02:00,2026-09-03T05:50:02+02:00,2026-09-03T06:50:04+02:00,23256,1970,34,0.084709,0.017259,auto Playwright Chrome
2026-09-03T08:00:00+02:00,2026-09-03,08:00,2026-09-03T07:50:03+02:00,2026-09-03T06:50:04+02:00,2026-09-03T07:50:03+02:00,23260,1973,34,0.084824,0.017233,auto Playwright Chrome
2026-09-03T09:00:00+02:00,2026-09-03,09:00,2026-09-03T08:50:02+02:00,2026-09-03T07:50:03+02:00,2026-09-03T08:50:02+02:00,23278,1978,34,0.084973,0.017189,auto Playwright Chrome
2026-09-03T10:00:00+02:00,2026-09-03,10:00,2026-09-03T09:50:02+02:00,2026-09-03T08:50:02+02:00,2026-09-03T09:50:02+02:00,23292,1982,34,0.085094,0.017154,auto Playwright Chrome
2026-09-03T11:00:00+02:00,2026-09-03,11:00,2026-09-03T10:50:03+02:00,2026-09-03T09:50:02+02:00,2026-09-03T10:50:03+02:00,23323,1985,34,0.085109,0.017128,auto Playwright Chrome
2026-09-03T12:00:00+02:00,2026-09-03,12:00,2026-09-03T11:50:03+02:00,2026-09-03T10:50:03+02:00,2026-09-03T11:50:03+02:00,23348,1988,34,0.085146,0.017103,auto Playwright Chrome
2026-09-03T13:00:00+02:00,2026-09-03,13:00,2026-09-03T12:50:00+02:00,2026-09-03T11:50:03+02:00,2026-09-03T12:50:00+02:00,23365,1991,34,0.085213,0.017077,auto Playwright Chrome
2026-09-03T14:00:00+02:00,2026-09-03,14:00,2026-09-03T13:50:02+02:00,2026-09-03T12:50:00+02:00,2026-09-03T13:50:02+02:00,23389,1996,34,0.085339,0.017034,auto Playwright Chrome
2026-09-03T15:00:00+02:00,2026-09-03,15:00,2026-09-03T14:50:04+02:00,2026-09-03T13:50:02+02:00,2026-09-03T14:50:04+02:00,23419,2000,34,0.085401,0.017,auto Playwright Chrome
2026-09-03T16:00:00+02:00,2026-09-03,16:00,2026-09-03T15:50:03+02:00,2026-09-03T14:50:04+02:00,2026-09-03T15:50:03+02:00,23462,2003,34,0.085372,0.016975,auto Playwright Chrome
2026-09-03T17:00:00+02:00,2026-09-03,17:00,2026-09-03T16:50:02+02:00,2026-09-03T15:50:03+02:00,2026-09-03T16:50:02+02:00,23497,2009,34,0.0855,0.016924,auto Playwright Chrome
2026-09-03T18:00:00+02:00,2026-09-03,18:00,2026-09-03T17:50:03+02:00,2026-09-03T16:50:02+02:00,2026-09-03T17:50:03+02:00,23531,2013,34,0.085547,0.01689,auto Playwright Chrome
2026-09-03T19:00:00+02:00,2026-09-03,19:00,2026-09-03T18:50:03+02:00,2026-09-03T17:50:03+02:00,2026-09-03T18:50:03+02:00,23594,2024,34,0.085785,0.016798,auto Playwright Chrome
2026-09-03T20:00:00+02:00,2026-09-03,20:00,2026-09-03T19:50:02+02:00,2026-09-03T18:50:03+02:00,2026-09-03T19:50:02+02:00,23641,2026,34,0.085699,0.016782,auto Playwright Chrome
2026-09-03T21:00:00+02:00,2026-09-03,21:00,2026-09-03T20:50:04+02:00,2026-09-03T19:50:02+02:00,2026-09-03T20:50:04+02:00,23661,2042,34,0.086302,0.01665,auto Playwright Chrome
2026-09-03T22:00:00+02:00,2026-09-03,22:00,2026-09-03T21:50:04+02:00,2026-09-03T20:50:04+02:00,2026-09-03T21:50:04+02:00,23699,2048,34,0.086417,0.016602,auto Playwright Chrome
2026-09-03T23:00:00+02:00,2026-09-03,23:00,2026-09-03T22:50:02+02:00,2026-09-03T21:50:04+02:00,2026-09-03T22:50:02+02:00,23739,2054,34,0.086524,0.016553,auto Playwright Chrome
2026-09-04T00:00:00+02:00,2026-09-04,00:00,2026-09-03T23:50:04+02:00,2026-09-03T22:50:02+02:00,2026-09-03T23:50:04+02:00,23739,2054,34,0.086524,0.016553,auto Playwright Chrome
2026-09-04T01:00:00+02:00,2026-09-04,01:00,2026-09-04T00:50:03+02:00,2026-09-03T23:50:04+02:00,2026-09-04T00:50:03+02:00,23739,2054,34,0.086524,0.016553,auto Playwright Chrome
2026-09-04T02:00:00+02:00,2026-09-04,02:00,2026-09-04T01:50:02+02:00,2026-09-04T00:50:03+02:00,2026-09-04T01:50:02+02:00,23739,2054,34,0.086524,0.016553,auto Playwright Chrome
2026-09-04T03:00:00+02:00,2026-09-04,03:00,2026-09-04T02:50:04+02:00,2026-09-04T01:50:02+02:00,2026-09-04T02:50:04+02:00,23739,2054,34,0.086524,0.016553,auto Playwright Chrome
2026-09-04T04:00:00+02:00,2026-09-04,04:00,2026-09-04T03:50:05+02:00,2026-09-04T02:50:04+02:00,2026-09-04T03:50:05+02:00,23739,2054,34,0.086524,0.016553,auto Playwright Chrome
2026-09-04T05:00:00+02:00,2026-09-04,05:00,2026-09-04T04:50:03+02:00,2026-09-04T03:50:05+02:00,2026-09-04T04:50:03+02:00,23739,2054,34,0.086524,0.016553,auto Playwright Chrome
2026-09-04T06:00:00+02:00,2026-09-04,06:00,2026-09-04T05:50:01+02:00,2026-09-04T04:50:03+02:00,2026-09-04T05:50:01+02:00,23825,2081,34,0.087345,0.016338,auto Playwright Chrome
2026-09-04T07:00:00+02:00,2026-09-04,07:00,2026-09-04T06:50:03+02:00,2026-09-04T05:50:01+02:00,2026-09-04T06:50:03+02:00,23815,2084,34,0.087508,0.016315,auto Playwright Chrome
2026-09-04T08:00:00+02:00,2026-09-04,08:00,2026-09-04T07:50:05+02:00,2026-09-04T06:50:03+02:00,2026-09-04T07:50:05+02:00,23819,2084,34,0.087493,0.016315,auto Playwright Chrome
2026-09-04T09:00:00+02:00,2026-09-04,09:00,2026-09-04T08:50:02+02:00,2026-09-04T07:50:05+02:00,2026-09-04T08:50:02+02:00,23826,2084,34,0.087467,0.016315,auto Playwright Chrome
2026-09-04T10:00:00+02:00,2026-09-04,10:00,2026-09-04T09:50:04+02:00,2026-09-04T08:50:02+02:00,2026-09-04T09:50:04+02:00,23842,2084,34,0.087409,0.016315,auto Playwright Chrome
2026-09-04T11:00:00+02:00,2026-09-04,11:00,2026-09-04T10:50:02+02:00,2026-09-04T09:50:04+02:00,2026-09-04T10:50:02+02:00,23890,2086,34,0.087317,0.016299,auto Playwright Chrome
2026-09-04T12:00:00+02:00,2026-09-04,12:00,2026-09-04T11:50:02+02:00,2026-09-04T10:50:02+02:00,2026-09-04T11:50:02+02:00,23930,2088,34,0.087254,0.016284,auto Playwright Chrome
2026-09-04T13:00:00+02:00,2026-09-04,13:00,2026-09-04T12:50:02+02:00,2026-09-04T11:50:02+02:00,2026-09-04T12:50:02+02:00,23954,2092,34,0.087334,0.016252,auto Playwright Chrome
2026-09-04T14:00:00+02:00,2026-09-04,14:00,2026-09-04T13:50:04+02:00,2026-09-04T12:50:02+02:00,2026-09-04T13:50:04+02:00,23981,2098,34,0.087486,0.016206,auto Playwright Chrome
2026-09-04T15:00:00+02:00,2026-09-04,15:00,2026-09-04T14:50:03+02:00,2026-09-04T13:50:04+02:00,2026-09-04T14:50:03+02:00,24020,2107,34,0.087719,0.016137,auto Playwright Chrome
2026-09-04T16:00:00+02:00,2026-09-04,16:00,2026-09-04T15:50:04+02:00,2026-09-04T14:50:03+02:00,2026-09-04T15:50:04+02:00,24035,2111,34,0.08783,0.016106,auto Playwright Chrome
2026-09-04T17:00:00+02:00,2026-09-04,17:00,2026-09-04T16:50:04+02:00,2026-09-04T15:50:04+02:00,2026-09-04T16:50:04+02:00,24082,2123,34,0.088157,0.016015,auto Playwright Chrome
2026-09-04T18:00:00+02:00,2026-09-04,18:00,2026-09-04T17:50:02+02:00,2026-09-04T16:50:04+02:00,2026-09-04T17:50:02+02:00,24110,2128,34,0.088262,0.015977,auto Playwright Chrome
2026-09-04T19:00:00+02:00,2026-09-04,19:00,2026-09-04T18:50:03+02:00,2026-09-04T17:50:02+02:00,2026-09-04T18:50:03+02:00,24158,2136,34,0.088418,0.015918,auto Playwright Chrome
2026-09-04T20:00:00+02:00,2026-09-04,20:00,2026-09-04T19:50:04+02:00,2026-09-04T18:50:03+02:00,2026-09-04T19:50:04+02:00,24204,2140,34,0.088415,0.015888,auto Playwright Chrome
2026-09-04T21:00:00+02:00,2026-09-04,21:00,2026-09-04T20:50:04+02:00,2026-09-04T19:50:04+02:00,2026-09-04T20:50:04+02:00,24265,2149,34,0.088564,0.015821,auto Playwright Chrome
2026-09-04T22:00:00+02:00,2026-09-04,22:00,2026-09-04T21:50:04+02:00,2026-09-04T20:50:04+02:00,2026-09-04T21:50:04+02:00,24300,2155,34,0.088683,0.015777,auto Playwright Chrome
2026-09-04T23:00:00+02:00,2026-09-04,23:00,2026-09-04T22:50:05+02:00,2026-09-04T21:50:04+02:00,2026-09-04T22:50:05+02:00,24323,2162,34,0.088887,0.015726,auto Playwright Chrome
2026-09-05T00:00:00+02:00,2026-09-05,00:00,2026-09-04T23:50:05+02:00,2026-09-04T22:50:05+02:00,2026-09-04T23:50:05+02:00,24323,2162,34,0.088887,0.015726,auto Playwright Chrome
2026-09-05T01:00:00+02:00,2026-09-05,01:00,2026-09-05T00:50:04+02:00,2026-09-04T23:50:05+02:00,2026-09-05T00:50:04+02:00,24323,2162,34,0.088887,0.015726,auto Playwright Chrome
2026-09-05T02:00:00+02:00,2026-09-05,02:00,2026-09-05T01:50:03+02:00,2026-09-05T00:50:04+02:00,2026-09-05T01:50:03+02:00,24323,2162,34,0.088887,0.015726,auto Playwright Chrome
2026-09-05T03:00:00+02:00,2026-09-05,03:00,2026-09-05T02:50:04+02:00,2026-09-05T01:50:03+02:00,2026-09-05T02:50:04+02:00,24323,2162,34,0.088887,0.015726,auto Playwright Chrome
2026-09-05T04:00:00+02:00,2026-09-05,04:00,2026-09-05T03:50:03+02:00,2026-09-05T02:50:04+02:00,2026-09-05T03:50:03+02:00,24323,2162,34,0.088887,0.015726,auto Playwright Chrome
2026-09-05T05:00:00+02:00,2026-09-05,05:00,2026-09-05T04:50:03+02:00,2026-09-05T03:50:03+02:00,2026-09-05T04:50:03+02:00,24323,2162,34,0.088887,0.015726,auto Playwright Chrome
2026-09-05T06:00:00+02:00,2026-09-05,06:00,2026-09-05T05:50:03+02:00,2026-09-05T04:50:03+02:00,2026-09-05T05:50:03+02:00,24447,2186,34,0.089418,0.015554,auto Playwright Chrome
2026-09-05T07:00:00+02:00,2026-09-05,07:00,2026-09-05T06:50:03+02:00,2026-09-05T05:50:03+02:00,2026-09-05T06:50:03+02:00,24434,2180,34,0.08922,0.015596,auto Playwright Chrome
2026-09-05T08:00:00+02:00,2026-09-05,08:00,2026-09-05T07:50:01+02:00,2026-09-05T06:50:03+02:00,2026-09-05T07:50:01+02:00,24439,2181,34,0.089243,0.015589,auto Playwright Chrome
2026-09-05T09:00:00+02:00,2026-09-05,09:00,2026-09-05T08:50:03+02:00,2026-09-05T07:50:01+02:00,2026-09-05T08:50:03+02:00,24451,2181,34,0.089199,0.015589,auto Playwright Chrome
2026-09-05T10:00:00+02:00,2026-09-05,10:00,2026-09-05T09:50:03+02:00,2026-09-05T08:50:03+02:00,2026-09-05T09:50:03+02:00,24468,2181,34,0.089137,0.015589,auto Playwright Chrome
2026-09-05T11:00:00+02:00,2026-09-05,11:00,2026-09-05T10:50:03+02:00,2026-09-05T09:50:03+02:00,2026-09-05T10:50:03+02:00,24498,2183,34,0.089109,0.015575,auto Playwright Chrome
2026-09-05T12:00:00+02:00,2026-09-05,12:00,2026-09-05T11:50:02+02:00,2026-09-05T10:50:03+02:00,2026-09-05T11:50:02+02:00,24523,2185,34,0.0891,0.015561,auto Playwright Chrome
2026-09-05T13:00:00+02:00,2026-09-05,13:00,2026-09-05T12:50:05+02:00,2026-09-05T11:50:02+02:00,2026-09-05T12:50:05+02:00,24548,2186,34,0.08905,0.015554,auto Playwright Chrome
2026-09-05T14:00:00+02:00,2026-09-05,14:00,2026-09-05T13:50:05+02:00,2026-09-05T12:50:05+02:00,2026-09-05T13:50:05+02:00,24588,2191,34,0.089109,0.015518,auto Playwright Chrome
2026-09-05T15:00:00+02:00,2026-09-05,15:00,2026-09-05T14:50:00+02:00,2026-09-05T13:50:05+02:00,2026-09-05T14:50:00+02:00,24607,2195,34,0.089202,0.01549,auto Playwright Chrome
2026-09-05T16:00:00+02:00,2026-09-05,16:00,2026-09-05T15:50:04+02:00,2026-09-05T14:50:00+02:00,2026-09-05T15:50:04+02:00,24644,2200,34,0.089271,0.015455,auto Playwright Chrome
2026-09-05T17:00:00+02:00,2026-09-05,17:00,2026-09-05T16:50:03+02:00,2026-09-05T15:50:04+02:00,2026-09-05T16:50:03+02:00,24669,2205,34,0.089383,0.01542,auto Playwright Chrome
2026-09-05T18:00:00+02:00,2026-09-05,18:00,2026-09-05T17:50:03+02:00,2026-09-05T16:50:03+02:00,2026-09-05T17:50:03+02:00,24692,2207,34,0.089381,0.015406,auto Playwright Chrome
2026-09-05T19:00:00+02:00,2026-09-05,19:00,2026-09-05T18:50:04+02:00,2026-09-05T17:50:03+02:00,2026-09-05T18:50:04+02:00,24724,2212,34,0.089468,0.015371,auto Playwright Chrome
2026-09-05T20:00:00+02:00,2026-09-05,20:00,2026-09-05T19:50:01+02:00,2026-09-05T18:50:04+02:00,2026-09-05T19:50:01+02:00,24764,2216,34,0.089485,0.015343,auto Playwright Chrome
2026-09-05T21:00:00+02:00,2026-09-05,21:00,2026-09-05T20:50:03+02:00,2026-09-05T19:50:01+02:00,2026-09-05T20:50:03+02:00,24809,2225,34,0.089685,0.015281,auto Playwright Chrome
2026-09-05T22:00:00+02:00,2026-09-05,22:00,2026-09-05T21:50:04+02:00,2026-09-05T20:50:03+02:00,2026-09-05T21:50:04+02:00,24859,2229,34,0.089666,0.015253,auto Playwright Chrome
2026-09-05T23:00:00+02:00,2026-09-05,23:00,2026-09-05T22:50:02+02:00,2026-09-05T21:50:04+02:00,2026-09-05T22:50:02+02:00,24883,2238,34,0.089941,0.015192,auto Playwright Chrome
2026-09-06T00:00:00+02:00,2026-09-06,00:00,2026-09-05T23:50:02+02:00,2026-09-05T22:50:02+02:00,2026-09-05T23:50:02+02:00,24883,2238,34,0.089941,0.015192,auto Playwright Chrome
2026-09-06T01:00:00+02:00,2026-09-06,01:00,2026-09-06T00:50:04+02:00,2026-09-05T23:50:02+02:00,2026-09-06T00:50:04+02:00,24883,2238,34,0.089941,0.015192,auto Playwright Chrome
2026-09-06T02:00:00+02:00,2026-09-06,02:00,2026-09-06T01:50:03+02:00,2026-09-06T00:50:04+02:00,2026-09-06T01:50:03+02:00,24883,2238,34,0.089941,0.015192,auto Playwright Chrome
2026-09-06T03:00:00+02:00,2026-09-06,03:00,2026-09-06T02:50:04+02:00,2026-09-06T01:50:03+02:00,2026-09-06T02:50:04+02:00,24883,2238,34,0.089941,0.015192,auto Playwright Chrome
2026-09-06T04:00:00+02:00,2026-09-06,04:00,2026-09-06T03:50:03+02:00,2026-09-06T02:50:04+02:00,2026-09-06T03:50:03+02:00,24883,2238,34,0.089941,0.015192,auto Playwright Chrome
2026-09-06T05:00:00+02:00,2026-09-06,05:00,2026-09-06T04:50:04+02:00,2026-09-06T03:50:03+02:00,2026-09-06T04:50:04+02:00,24883,2238,34,0.089941,0.015192,auto Playwright Chrome
2026-09-06T06:00:00+02:00,2026-09-06,06:00,2026-09-06T05:50:02+02:00,2026-09-06T04:50:04+02:00,2026-09-06T05:50:02+02:00,24992,2275,34,0.091029,0.014945,auto Playwright Chrome
2026-09-06T07:00:00+02:00,2026-09-06,07:00,2026-09-06T06:50:04+02:00,2026-09-06T05:50:02+02:00,2026-09-06T06:50:04+02:00,24973,2272,34,0.090978,0.014965,auto Playwright Chrome
2026-09-06T08:00:00+02:00,2026-09-06,08:00,2026-09-06T07:50:02+02:00,2026-09-06T06:50:04+02:00,2026-09-06T07:50:02+02:00,24974,2273,34,0.091015,0.014958,auto Playwright Chrome
2026-09-06T09:00:00+02:00,2026-09-06,09:00,2026-09-06T08:50:03+02:00,2026-09-06T07:50:02+02:00,2026-09-06T08:50:03+02:00,24985,2275,34,0.091055,0.014945,auto Playwright Chrome
2026-09-06T10:00:00+02:00,2026-09-06,10:00,2026-09-06T09:50:01+02:00,2026-09-06T08:50:03+02:00,2026-09-06T09:50:01+02:00,25001,2277,34,0.091076,0.014932,auto Playwright Chrome
2026-09-06T11:00:00+02:00,2026-09-06,11:00,2026-09-06T10:50:05+02:00,2026-09-06T09:50:01+02:00,2026-09-06T10:50:05+02:00,25032,2282,34,0.091163,0.014899,auto Playwright Chrome
2026-09-06T12:00:00+02:00,2026-09-06,12:00,2026-09-06T11:50:04+02:00,2026-09-06T10:50:05+02:00,2026-09-06T11:50:04+02:00,25044,2289,34,0.091399,0.014854,auto Playwright Chrome
2026-09-06T13:00:00+02:00,2026-09-06,13:00,2026-09-06T12:50:01+02:00,2026-09-06T11:50:04+02:00,2026-09-06T12:50:01+02:00,25059,2292,34,0.091464,0.014834,auto Playwright Chrome
2026-09-06T14:00:00+02:00,2026-09-06,14:00,2026-09-06T13:50:03+02:00,2026-09-06T12:50:01+02:00,2026-09-06T13:50:03+02:00,25078,2297,34,0.091594,0.014802,auto Playwright Chrome
2026-09-06T15:00:00+02:00,2026-09-06,15:00,2026-09-06T14:50:04+02:00,2026-09-06T13:50:03+02:00,2026-09-06T14:50:04+02:00,25092,2305,34,0.091862,0.014751,auto Playwright Chrome
2026-09-06T16:00:00+02:00,2026-09-06,16:00,2026-09-06T15:50:02+02:00,2026-09-06T14:50:04+02:00,2026-09-06T15:50:02+02:00,25119,2311,34,0.092002,0.014712,auto Playwright Chrome
2026-09-06T17:00:00+02:00,2026-09-06,17:00,2026-09-06T16:50:04+02:00,2026-09-06T15:50:02+02:00,2026-09-06T16:50:04+02:00,25151,2318,34,0.092163,0.014668,auto Playwright Chrome
2026-09-06T18:00:00+02:00,2026-09-06,18:00,2026-09-06T17:50:03+02:00,2026-09-06T16:50:04+02:00,2026-09-06T17:50:03+02:00,25177,2320,34,0.092148,0.014655,auto Playwright Chrome
2026-09-06T19:00:00+02:00,2026-09-06,19:00,2026-09-06T18:50:03+02:00,2026-09-06T17:50:03+02:00,2026-09-06T18:50:03+02:00,25199,2325,34,0.092266,0.014624,auto Playwright Chrome
2026-09-06T20:00:00+02:00,2026-09-06,20:00,2026-09-06T19:50:02+02:00,2026-09-06T18:50:03+02:00,2026-09-06T19:50:02+02:00,25232,2329,34,0.092303,0.014599,auto Playwright Chrome
2026-09-06T21:00:00+02:00,2026-09-06,21:00,2026-09-06T20:50:00+02:00,2026-09-06T19:50:02+02:00,2026-09-06T20:50:00+02:00,25269,2336,34,0.092445,0.014555,auto Playwright Chrome
2026-09-06T22:00:00+02:00,2026-09-06,22:00,2026-09-06T21:50:03+02:00,2026-09-06T20:50:00+02:00,2026-09-06T21:50:03+02:00,25313,2344,34,0.092601,0.014505,auto Playwright Chrome
2026-09-06T23:00:00+02:00,2026-09-06,23:00,2026-09-06T22:50:02+02:00,2026-09-06T21:50:03+02:00,2026-09-06T22:50:02+02:00,25350,2347,34,0.092584,0.014487,auto Playwright Chrome
2026-09-07T00:00:00+02:00,2026-09-07,00:00,2026-09-06T23:50:06+02:00,2026-09-06T22:50:02+02:00,2026-09-06T23:50:06+02:00,25350,2347,34,0.092584,0.014487,auto Playwright Chrome
2026-09-07T01:00:00+02:00,2026-09-07,01:00,2026-09-07T00:50:03+02:00,2026-09-06T23:50:06+02:00,2026-09-07T00:50:03+02:00,25350,2347,34,0.092584,0.014487,auto Playwright Chrome
2026-09-07T02:00:00+02:00,2026-09-07,02:00,2026-09-07T01:50:06+02:00,2026-09-07T00:50:03+02:00,2026-09-07T01:50:06+02:00,25350,2347,34,0.092584,0.014487,auto Playwright Chrome
2026-09-07T03:00:00+02:00,2026-09-07,03:00,2026-09-07T02:50:06+02:00,2026-09-07T01:50:06+02:00,2026-09-07T02:50:06+02:00,25350,2347,34,0.092584,0.014487,auto Playwright Chrome
2026-09-07T04:00:00+02:00,2026-09-07,04:00,2026-09-07T03:50:02+02:00,2026-09-07T02:50:06+02:00,2026-09-07T03:50:02+02:00,25350,2347,34,0.092584,0.014487,auto Playwright Chrome
2026-09-07T05:00:00+02:00,2026-09-07,05:00,2026-09-07T04:50:04+02:00,2026-09-07T03:50:02+02:00,2026-09-07T04:50:04+02:00,25350,2347,34,0.092584,0.014487,auto Playwright Chrome
2026-09-07T06:00:00+02:00,2026-09-07,06:00,2026-09-07T05:50:02+02:00,2026-09-07T04:50:04+02:00,2026-09-07T05:50:02+02:00,25458,2360,34,0.092702,0.014407,auto Playwright Chrome
2026-09-07T07:00:00+02:00,2026-09-07,07:00,2026-09-07T06:50:05+02:00,2026-09-07T05:50:02+02:00,2026-09-07T06:50:05+02:00,25443,2357,34,0.092638,0.014425,auto Playwright Chrome
2026-09-07T08:00:00+02:00,2026-09-07,08:00,2026-09-07T07:50:06+02:00,2026-09-07T06:50:05+02:00,2026-09-07T07:50:06+02:00,25447,2358,34,0.092663,0.014419,auto Playwright Chrome
2026-09-07T09:00:00+02:00,2026-09-07,09:00,2026-09-07T08:50:02+02:00,2026-09-07T07:50:06+02:00,2026-09-07T08:50:02+02:00,25451,2360,34,0.092727,0.014407,auto Playwright Chrome
2026-09-07T10:00:00+02:00,2026-09-07,10:00,2026-09-07T09:50:02+02:00,2026-09-07T08:50:02+02:00,2026-09-07T09:50:02+02:00,25472,2369,34,0.093004,0.014352,auto Playwright Chrome
2026-09-07T11:00:00+02:00,2026-09-07,11:00,2026-09-07T10:50:02+02:00,2026-09-07T09:50:02+02:00,2026-09-07T10:50:02+02:00,25504,2373,34,0.093044,0.014328,auto Playwright Chrome
2026-09-07T12:00:00+02:00,2026-09-07,12:00,2026-09-07T11:50:03+02:00,2026-09-07T10:50:02+02:00,2026-09-07T11:50:03+02:00,25539,2377,34,0.093073,0.014304,auto Playwright Chrome
2026-09-07T13:00:00+02:00,2026-09-07,13:00,2026-09-07T12:50:02+02:00,2026-09-07T11:50:03+02:00,2026-09-07T12:50:02+02:00,25565,2380,34,0.093096,0.014286,auto Playwright Chrome
2026-09-07T14:00:00+02:00,2026-09-07,14:00,2026-09-07T13:50:05+02:00,2026-09-07T12:50:02+02:00,2026-09-07T13:50:05+02:00,25591,2383,34,0.093119,0.014268,auto Playwright Chrome
2026-09-07T15:00:00+02:00,2026-09-07,15:00,2026-09-07T14:50:03+02:00,2026-09-07T13:50:05+02:00,2026-09-07T14:50:03+02:00,25623,2388,34,0.093198,0.014238,auto Playwright Chrome
2026-09-07T16:00:00+02:00,2026-09-07,16:00,2026-09-07T15:50:02+02:00,2026-09-07T14:50:03+02:00,2026-09-07T15:50:02+02:00,25664,2392,34,0.093204,0.014214,auto Playwright Chrome
2026-09-07T17:00:00+02:00,2026-09-07,17:00,2026-09-07T16:50:03+02:00,2026-09-07T15:50:02+02:00,2026-09-07T16:50:03+02:00,25700,2396,34,0.09323,0.01419,auto Playwright Chrome
2026-09-07T18:00:00+02:00,2026-09-07,18:00,2026-09-07T17:50:05+02:00,2026-09-07T16:50:03+02:00,2026-09-07T17:50:05+02:00,25734,2397,34,0.093145,0.014184,auto Playwright Chrome
2026-09-07T19:00:00+02:00,2026-09-07,19:00,2026-09-07T18:50:03+02:00,2026-09-07T17:50:05+02:00,2026-09-07T18:50:03+02:00,25761,2406,34,0.093397,0.014131,auto Playwright Chrome
2026-09-07T20:00:00+02:00,2026-09-07,20:00,2026-09-07T19:50:05+02:00,2026-09-07T18:50:03+02:00,2026-09-07T19:50:05+02:00,25794,2410,34,0.093433,0.014108,auto Playwright Chrome
2026-09-07T21:00:00+02:00,2026-09-07,21:00,2026-09-07T20:50:03+02:00,2026-09-07T19:50:05+02:00,2026-09-07T20:50:03+02:00,25833,2418,34,0.093601,0.014061,auto Playwright Chrome
2026-09-07T22:00:00+02:00,2026-09-07,22:00,2026-09-07T21:50:03+02:00,2026-09-07T20:50:03+02:00,2026-09-07T21:50:03+02:00,25859,2421,34,0.093623,0.014044,auto Playwright Chrome
2026-09-07T23:00:00+02:00,2026-09-07,23:00,2026-09-07T22:50:04+02:00,2026-09-07T21:50:03+02:00,2026-09-07T22:50:04+02:00,25918,2427,34,0.093641,0.014009,auto Playwright Chrome
2026-09-08T00:00:00+02:00,2026-09-08,00:00,2026-09-07T23:50:05+02:00,2026-09-07T22:50:04+02:00,2026-09-07T23:50:05+02:00,25918,2427,34,0.093641,0.014009,auto Playwright Chrome
2026-09-08T01:00:00+02:00,2026-09-08,01:00,2026-09-08T00:50:03+02:00,2026-09-07T23:50:05+02:00,2026-09-08T00:50:03+02:00,25918,2427,34,0.093641,0.014009,auto Playwright Chrome
2026-09-08T02:00:00+02:00,2026-09-08,02:00,2026-09-08T01:50:00+02:00,2026-09-08T00:50:03+02:00,2026-09-08T01:50:00+02:00,25918,2427,34,0.093641,0.014009,auto Playwright Chrome
2026-09-08T03:00:00+02:00,2026-09-08,03:00,2026-09-08T02:50:03+02:00,2026-09-08T01:50:00+02:00,2026-09-08T02:50:03+02:00,25918,2427,34,0.093641,0.014009,auto Playwright Chrome
2026-09-08T04:00:00+02:00,2026-09-08,04:00,2026-09-08T03:50:02+02:00,2026-09-08T02:50:03+02:00,2026-09-08T03:50:02+02:00,25918,2427,34,0.093641,0.014009,auto Playwright Chrome
2026-09-08T05:00:00+02:00,2026-09-08,05:00,2026-09-08T04:50:04+02:00,2026-09-08T03:50:02+02:00,2026-09-08T04:50:04+02:00,25918,2427,34,0.093641,0.014009,auto Playwright Chrome
2026-09-08T06:00:00+02:00,2026-09-08,06:00,2026-09-08T05:50:02+02:00,2026-09-08T04:50:04+02:00,2026-09-08T05:50:02+02:00,26043,2441,34,0.09373,0.013929,auto Playwright Chrome
2026-09-08T07:00:00+02:00,2026-09-08,07:00,2026-09-08T06:50:05+02:00,2026-09-08T05:50:02+02:00,2026-09-08T06:50:05+02:00,26032,2442,34,0.093808,0.013923,auto Playwright Chrome
2026-09-08T08:00:00+02:00,2026-09-08,08:00,2026-09-08T07:50:05+02:00,2026-09-08T06:50:05+02:00,2026-09-08T07:50:05+02:00,26045,2443,34,0.093799,0.013917,auto Playwright Chrome
2026-09-08T09:00:00+02:00,2026-09-08,09:00,2026-09-08T08:50:05+02:00,2026-09-08T07:50:05+02:00,2026-09-08T08:50:05+02:00,26063,2446,34,0.09385,0.0139,auto Playwright Chrome
2026-09-08T10:00:00+02:00,2026-09-08,10:00,2026-09-08T09:50:04+02:00,2026-09-08T08:50:05+02:00,2026-09-08T09:50:04+02:00,26090,2453,34,0.094021,0.013861,auto Playwright Chrome
2026-09-08T11:00:00+02:00,2026-09-08,11:00,2026-09-08T10:50:00+02:00,2026-09-08T09:50:04+02:00,2026-09-08T10:50:00+02:00,26113,2457,34,0.094091,0.013838,auto Playwright Chrome
2026-09-08T12:00:00+02:00,2026-09-08,12:00,2026-09-08T11:50:03+02:00,2026-09-08T10:50:00+02:00,2026-09-08T11:50:03+02:00,26147,2460,34,0.094083,0.013821,auto Playwright Chrome
2026-09-08T13:00:00+02:00,2026-09-08,13:00,2026-09-08T12:50:05+02:00,2026-09-08T11:50:03+02:00,2026-09-08T12:50:05+02:00,26175,2469,34,0.094327,0.013771,auto Playwright Chrome
2026-09-08T14:00:00+02:00,2026-09-08,14:00,2026-09-08T13:50:02+02:00,2026-09-08T12:50:05+02:00,2026-09-08T13:50:02+02:00,26210,2474,34,0.094391,0.013743,auto Playwright Chrome
2026-09-08T15:00:00+02:00,2026-09-08,15:00,2026-09-08T14:50:03+02:00,2026-09-08T13:50:02+02:00,2026-09-08T14:50:03+02:00,26250,2481,34,0.094514,0.013704,auto Playwright Chrome
2026-09-08T16:00:00+02:00,2026-09-08,16:00,2026-09-08T15:50:03+02:00,2026-09-08T14:50:03+02:00,2026-09-08T15:50:03+02:00,26282,2489,34,0.094704,0.01366,auto Playwright Chrome
2026-09-08T17:00:00+02:00,2026-09-08,17:00,2026-09-08T16:50:05+02:00,2026-09-08T15:50:03+02:00,2026-09-08T16:50:05+02:00,26311,2494,34,0.094789,0.013633,auto Playwright Chrome
2026-09-08T18:00:00+02:00,2026-09-08,18:00,2026-09-08T17:50:03+02:00,2026-09-08T16:50:05+02:00,2026-09-08T17:50:03+02:00,26345,2497,34,0.094781,0.013616,auto Playwright Chrome
2026-09-08T19:00:00+02:00,2026-09-08,19:00,2026-09-08T18:50:04+02:00,2026-09-08T17:50:03+02:00,2026-09-08T18:50:04+02:00,26371,2501,34,0.094839,0.013595,auto Playwright Chrome
2026-09-08T20:00:00+02:00,2026-09-08,20:00,2026-09-08T19:50:04+02:00,2026-09-08T18:50:04+02:00,2026-09-08T19:50:04+02:00,26402,2504,34,0.094841,0.013578,auto Playwright Chrome
2026-09-08T21:00:00+02:00,2026-09-08,21:00,2026-09-08T20:50:05+02:00,2026-09-08T19:50:04+02:00,2026-09-08T20:50:05+02:00,26458,2513,34,0.094981,0.01353,auto Playwright Chrome
2026-09-08T22:00:00+02:00,2026-09-08,22:00,2026-09-08T21:50:02+02:00,2026-09-08T20:50:05+02:00,2026-09-08T21:50:02+02:00,26489,2528,34,0.095436,0.013449,auto Playwright Chrome
2026-09-08T23:00:00+02:00,2026-09-08,23:00,2026-09-08T22:50:01+02:00,2026-09-08T21:50:02+02:00,2026-09-08T22:50:01+02:00,26534,2540,34,0.095726,0.013386,auto Playwright Chrome
2026-09-09T00:00:00+02:00,2026-09-09,00:00,2026-09-08T23:50:03+02:00,2026-09-08T22:50:01+02:00,2026-09-08T23:50:03+02:00,26534,2540,34,0.095726,0.013386,auto Playwright Chrome
2026-09-09T01:00:00+02:00,2026-09-09,01:00,2026-09-09T00:50:00+02:00,2026-09-08T23:50:03+02:00,2026-09-09T00:50:00+02:00,26534,2540,34,0.095726,0.013386,auto Playwright Chrome
2026-09-09T02:00:00+02:00,2026-09-09,02:00,2026-09-09T01:50:03+02:00,2026-09-09T00:50:00+02:00,2026-09-09T01:50:03+02:00,26534,2540,34,0.095726,0.013386,auto Playwright Chrome
2026-09-09T03:00:00+02:00,2026-09-09,03:00,2026-09-09T02:50:02+02:00,2026-09-09T01:50:03+02:00,2026-09-09T02:50:02+02:00,26534,2540,34,0.095726,0.013386,auto Playwright Chrome
2026-09-09T04:00:00+02:00,2026-09-09,04:00,2026-09-09T03:50:02+02:00,2026-09-09T02:50:02+02:00,2026-09-09T03:50:02+02:00,26534,2540,34,0.095726,0.013386,auto Playwright Chrome
2026-09-09T05:00:00+02:00,2026-09-09,05:00,2026-09-09T04:50:00+02:00,2026-09-09T03:50:02+02:00,2026-09-09T04:50:00+02:00,26534,2540,34,0.095726,0.013386,auto Playwright Chrome
2026-09-09T07:00:00+02:00,2026-09-09,07:00,2026-09-09T06:50:04+02:00,2026-09-09T04:50:00+02:00,2026-09-09T06:50:04+02:00,26661,2557,34,0.095908,0.013297,auto Playwright Chrome
2026-09-09T08:00:00+02:00,2026-09-09,08:00,2026-09-09T07:50:00+02:00,2026-09-09T06:50:04+02:00,2026-09-09T07:50:00+02:00,26673,2558,34,0.095902,0.013292,auto Playwright Chrome
2026-09-09T09:00:00+02:00,2026-09-09,09:00,2026-09-09T08:50:03+02:00,2026-09-09T07:50:00+02:00,2026-09-09T08:50:03+02:00,26685,2558,34,0.095859,0.013292,auto Playwright Chrome
2026-09-09T10:00:00+02:00,2026-09-09,10:00,2026-09-09T09:50:04+02:00,2026-09-09T08:50:03+02:00,2026-09-09T09:50:04+02:00,26703,2562,34,0.095944,0.013271,auto Playwright Chrome
2026-09-09T11:00:00+02:00,2026-09-09,11:00,2026-09-09T10:50:01+02:00,2026-09-09T09:50:04+02:00,2026-09-09T10:50:01+02:00,26733,2567,34,0.096024,0.013245,auto Playwright Chrome
2026-09-09T12:00:00+02:00,2026-09-09,12:00,2026-09-09T11:50:03+02:00,2026-09-09T10:50:01+02:00,2026-09-09T11:50:03+02:00,26757,2571,34,0.096087,0.013224,auto Playwright Chrome
2026-09-09T13:00:00+02:00,2026-09-09,13:00,2026-09-09T12:50:00+02:00,2026-09-09T11:50:03+02:00,2026-09-09T12:50:00+02:00,26757,2571,34,0.096087,0.013224,hand 12:50 (zelfde als 12:00; geen extra views)
2026-09-09T14:00:00+02:00,2026-09-09,14:00,2026-09-09T13:50:00+02:00,2026-09-09T12:50:00+02:00,2026-09-09T13:50:00+02:00,26809,2572,34,0.095938,0.013219,hand 13:50 (job hing op vault-write)
2026-09-09T15:00:00+02:00,2026-09-09,15:00,2026-09-09T14:50:01+02:00,2026-09-09T13:50:00+02:00,2026-09-09T14:50:01+02:00,26824,2573,34,0.095922,0.013214,auto Playwright Chrome
2026-09-09T16:00:00+02:00,2026-09-09,16:00,2026-09-09T15:50:04+02:00,2026-09-09T14:50:01+02:00,2026-09-09T15:50:04+02:00,26856,2573,34,0.095807,0.013214,auto Playwright Chrome
2026-09-09T17:00:00+02:00,2026-09-09,17:00,2026-09-09T16:50:01+02:00,2026-09-09T15:50:04+02:00,2026-09-09T16:50:01+02:00,26882,2577,34,0.095863,0.013194,auto Playwright Chrome
2026-09-09T18:00:00+02:00,2026-09-09,18:00,2026-09-09T17:50:02+02:00,2026-09-09T16:50:01+02:00,2026-09-09T17:50:02+02:00,26927,2581,34,0.095852,0.013173,auto Playwright Chrome
2026-09-09T19:00:00+02:00,2026-09-09,19:00,2026-09-09T18:50:03+02:00,2026-09-09T17:50:02+02:00,2026-09-09T18:50:03+02:00,26952,2584,34,0.095874,0.013158,auto Playwright Chrome
2026-09-09T20:00:00+02:00,2026-09-09,20:00,2026-09-09T19:50:03+02:00,2026-09-09T18:50:03+02:00,2026-09-09T19:50:03+02:00,26967,2586,34,0.095895,0.013148,auto Playwright Chrome
2026-09-09T21:00:00+02:00,2026-09-09,21:00,2026-09-09T20:50:04+02:00,2026-09-09T19:50:03+02:00,2026-09-09T20:50:04+02:00,27007,2593,34,0.096012,0.013112,auto Playwright Chrome
2026-09-09T22:00:00+02:00,2026-09-09,22:00,2026-09-09T21:50:04+02:00,2026-09-09T20:50:04+02:00,2026-09-09T21:50:04+02:00,27026,2596,34,0.096056,0.013097,auto Playwright Chrome
2026-09-09T23:00:00+02:00,2026-09-09,23:00,2026-09-09T22:50:04+02:00,2026-09-09T21:50:04+02:00,2026-09-09T22:50:04+02:00,27056,2597,34,0.095986,0.013092,auto Playwright Chrome
2026-09-10T00:00:00+02:00,2026-09-10,00:00,2026-09-09T23:50:00+02:00,2026-09-09T22:50:04+02:00,2026-09-09T23:50:00+02:00,27056,2597,34,0.095986,0.013092,auto Playwright Chrome
2026-09-10T01:00:00+02:00,2026-09-10,01:00,2026-09-10T00:50:02+02:00,2026-09-09T23:50:00+02:00,2026-09-10T00:50:02+02:00,27056,2597,34,0.095986,0.013092,auto Playwright Chrome
2026-09-10T02:00:00+02:00,2026-09-10,02:00,2026-09-10T01:50:01+02:00,2026-09-10T00:50:02+02:00,2026-09-10T01:50:01+02:00,27056,2597,34,0.095986,0.013092,auto Playwright Chrome
2026-09-10T03:00:00+02:00,2026-09-10,03:00,2026-09-10T02:50:04+02:00,2026-09-10T01:50:01+02:00,2026-09-10T02:50:04+02:00,27056,2597,34,0.095986,0.013092,auto Playwright Chrome
2026-09-10T04:00:00+02:00,2026-09-10,04:00,2026-09-10T03:50:03+02:00,2026-09-10T02:50:04+02:00,2026-09-10T03:50:03+02:00,27056,2597,34,0.095986,0.013092,auto Playwright Chrome
2026-09-10T05:00:00+02:00,2026-09-10,05:00,2026-09-10T04:50:04+02:00,2026-09-10T03:50:03+02:00,2026-09-10T04:50:04+02:00,27056,2597,34,0.095986,0.013092,auto Playwright Chrome
2026-09-10T06:00:00+02:00,2026-09-10,06:00,2026-09-10T05:50:04+02:00,2026-09-10T04:50:04+02:00,2026-09-10T05:50:04+02:00,27121,2599,34,0.09583,0.013082,auto Playwright Chrome
2026-09-10T07:00:00+02:00,2026-09-10,07:00,2026-09-10T06:50:01+02:00,2026-09-10T05:50:04+02:00,2026-09-10T06:50:01+02:00,27106,2599,34,0.095883,0.013082,auto Playwright Chrome
2026-09-10T08:00:00+02:00,2026-09-10,08:00,2026-09-10T07:50:04+02:00,2026-09-10T06:50:01+02:00,2026-09-10T07:50:04+02:00,27107,2599,34,0.095879,0.013082,auto Playwright Chrome
2026-09-10T09:00:00+02:00,2026-09-10,09:00,2026-09-10T08:50:01+02:00,2026-09-10T07:50:04+02:00,2026-09-10T08:50:01+02:00,27112,2599,34,0.095862,0.013082,auto Playwright Chrome
2026-09-10T10:00:00+02:00,2026-09-10,10:00,2026-09-10T09:50:00+02:00,2026-09-10T08:50:01+02:00,2026-09-10T09:50:00+02:00,27124,2599,34,0.095819,0.013082,auto Playwright Chrome
2026-09-10T11:00:00+02:00,2026-09-10,11:00,2026-09-10T10:50:04+02:00,2026-09-10T09:50:00+02:00,2026-09-10T10:50:04+02:00,27144,2599,34,0.095749,0.013082,auto Playwright Chrome
2026-09-10T12:00:00+02:00,2026-09-10,12:00,2026-09-10T11:50:04+02:00,2026-09-10T10:50:04+02:00,2026-09-10T11:50:04+02:00,27168,2602,34,0.095774,0.013067,auto Playwright Chrome
2026-09-10T13:00:00+02:00,2026-09-10,13:00,2026-09-10T12:50:04+02:00,2026-09-10T11:50:04+02:00,2026-09-10T12:50:04+02:00,27193,2603,34,0.095723,0.013062,auto Playwright Chrome
2026-09-10T14:00:00+02:00,2026-09-10,14:00,2026-09-10T13:50:01+02:00,2026-09-10T12:50:04+02:00,2026-09-10T13:50:01+02:00,27218,2603,34,0.095635,0.013062,auto Playwright Chrome
2026-09-10T15:00:00+02:00,2026-09-10,15:00,2026-09-10T14:50:02+02:00,2026-09-10T13:50:01+02:00,2026-09-10T14:50:02+02:00,27238,2605,34,0.095638,0.013052,auto Playwright Chrome
2026-09-10T16:00:00+02:00,2026-09-10,16:00,2026-09-10T15:50:04+02:00,2026-09-10T14:50:02+02:00,2026-09-10T15:50:04+02:00,27266,2605,34,0.09554,0.013052,auto Playwright Chrome
2026-09-10T17:00:00+02:00,2026-09-10,17:00,2026-09-10T16:50:01+02:00,2026-09-10T15:50:04+02:00,2026-09-10T16:50:01+02:00,27313,2608,34,0.095486,0.013037,auto Playwright Chrome
2026-09-10T18:00:00+02:00,2026-09-10,18:00,2026-09-10T17:50:01+02:00,2026-09-10T16:50:01+02:00,2026-09-10T17:50:01+02:00,27349,2609,34,0.095397,0.013032,auto Playwright Chrome
2026-09-10T19:00:00+02:00,2026-09-10,19:00,2026-09-10T18:50:01+02:00,2026-09-10T17:50:01+02:00,2026-09-10T18:50:01+02:00,27389,2611,34,0.09533,0.013022,auto Playwright Chrome
2026-09-10T20:00:00+02:00,2026-09-10,20:00,2026-09-10T19:50:04+02:00,2026-09-10T18:50:01+02:00,2026-09-10T19:50:04+02:00,27412,2611,34,0.09525,0.013022,auto Playwright Chrome
2026-09-10T21:00:00+02:00,2026-09-10,21:00,2026-09-10T20:50:04+02:00,2026-09-10T19:50:04+02:00,2026-09-10T20:50:04+02:00,27472,2615,34,0.095188,0.013002,auto Playwright Chrome
2026-09-10T22:00:00+02:00,2026-09-10,22:00,2026-09-10T21:50:06+02:00,2026-09-10T20:50:04+02:00,2026-09-10T21:50:06+02:00,27506,2617,34,0.095143,0.012992,auto Playwright Chrome
2026-09-10T23:00:00+02:00,2026-09-10,23:00,2026-09-10T22:50:05+02:00,2026-09-10T21:50:06+02:00,2026-09-10T22:50:05+02:00,27562,2618,34,0.094986,0.012987,auto Playwright Chrome
2026-09-11T00:00:00+02:00,2026-09-11,00:00,2026-09-10T23:50:06+02:00,2026-09-10T22:50:05+02:00,2026-09-10T23:50:06+02:00,27562,2618,34,0.094986,0.012987,auto Playwright Chrome
2026-09-11T01:00:00+02:00,2026-09-11,01:00,2026-09-11T00:50:03+02:00,2026-09-10T23:50:06+02:00,2026-09-11T00:50:03+02:00,27562,2618,34,0.094986,0.012987,auto Playwright Chrome
2026-09-11T02:00:00+02:00,2026-09-11,02:00,2026-09-11T01:50:06+02:00,2026-09-11T00:50:03+02:00,2026-09-11T01:50:06+02:00,27562,2618,34,0.094986,0.012987,auto Playwright Chrome
2026-09-11T03:00:00+02:00,2026-09-11,03:00,2026-09-11T02:50:03+02:00,2026-09-11T01:50:06+02:00,2026-09-11T02:50:03+02:00,27562,2618,34,0.094986,0.012987,auto Playwright Chrome
2026-09-11T04:00:00+02:00,2026-09-11,04:00,2026-09-11T03:50:00+02:00,2026-09-11T02:50:03+02:00,2026-09-11T03:50:00+02:00,27562,2618,34,0.094986,0.012987,auto Playwright Chrome
2026-09-11T05:00:00+02:00,2026-09-11,05:00,2026-09-11T04:50:02+02:00,2026-09-11T03:50:00+02:00,2026-09-11T04:50:02+02:00,27562,2618,34,0.094986,0.012987,auto Playwright Chrome
2026-09-11T06:00:00+02:00,2026-09-11,06:00,2026-09-11T05:50:04+02:00,2026-09-11T04:50:02+02:00,2026-09-11T05:50:04+02:00,27653,2615,34,0.094565,0.013002,auto Playwright Chrome
2026-09-11T07:00:00+02:00,2026-09-11,07:00,2026-09-11T06:50:02+02:00,2026-09-11T05:50:04+02:00,2026-09-11T06:50:02+02:00,27641,2615,34,0.094606,0.013002,auto Playwright Chrome
2026-09-11T08:00:00+02:00,2026-09-11,08:00,2026-09-11T07:50:03+02:00,2026-09-11T06:50:02+02:00,2026-09-11T07:50:03+02:00,27643,2615,34,0.094599,0.013002,auto Playwright Chrome
2026-09-11T09:00:00+02:00,2026-09-11,09:00,2026-09-11T08:50:02+02:00,2026-09-11T07:50:03+02:00,2026-09-11T08:50:02+02:00,27655,2615,34,0.094558,0.013002,auto Playwright Chrome
2026-09-11T10:00:00+02:00,2026-09-11,10:00,2026-09-11T09:50:01+02:00,2026-09-11T08:50:02+02:00,2026-09-11T09:50:01+02:00,27675,2615,34,0.09449,0.013002,auto Playwright Chrome
2026-09-11T11:00:00+02:00,2026-09-11,11:00,2026-09-11T10:50:01+02:00,2026-09-11T09:50:01+02:00,2026-09-11T10:50:01+02:00,27698,2615,34,0.094411,0.013002,auto Playwright Chrome
2026-09-11T12:00:00+02:00,2026-09-11,12:00,2026-09-11T11:50:06+02:00,2026-09-11T10:50:01+02:00,2026-09-11T11:50:06+02:00,27733,2616,34,0.094328,0.012997,auto Playwright Chrome
2026-09-11T13:00:00+02:00,2026-09-11,13:00,2026-09-11T12:50:01+02:00,2026-09-11T11:50:06+02:00,2026-09-11T12:50:01+02:00,27776,2617,34,0.094218,0.012992,auto Playwright Chrome
